DECISION ID,QUESTION,CURRENT STATUS,RECOMMENDATION,OWNER DECISION,AFFECTED SYSTEMS,C10 REQUIRED BEFORE,PRODUCT LOCK
D-0009,Which implementation strategy?,RECOMMENDED,HYBRID is prior recommendation; revalidate,Not yet explicitly locked by this directive,"Architecture, transfer, waves",RELEVANT WAVE CUTOVER,NO
D-0010,Launch pricing strategy and prices?,RECOMMENDED,V1 launch is superseded by D-0075: promotional-free via real engine; later paid values deferred,V1 launch resolved; later paid commercial values deferred to paid enablement,"Monetization, growth, legal",PAID ENABLEMENT,NO
D-0011,Primary navigation?,SUPERSEDED_BY_D-0084_D-0085_D-0088,Validate through user jobs and contracts,Candidate only,"IA, UX, deep links",RELEVANT WAVE CUTOVER,NO
D-0012,Map/payment/AI providers?,OPEN,Keep domain provider-neutral; select adapters later,No provider locked,"Infrastructure, legal, cost",PAID ENABLEMENT,NO
D-0013,Team connection economics?,SUPERSEDED_BY_D-0058_D-0059_D-0076_D-0077,Do not decide until physical model is proven,Open,"Team, entitlement, pricing",RELEVANT WAVE CUTOVER,NO
D-0016,May same-SHA prior findings be accepted wholesale as current truth?,RECOMMENDED,Retain as `EVIDENCE_BASELINE`; never promote live/runtime/legal claims without proper proof,Not explicitly locked; follows owner evidence rule,All evidence and verdicts,RELEVANT WAVE CUTOVER,NO
D-0017,What happens to `LiveCloudProvider`?,RECOMMENDED,`REFACTOR`: preserve proven gateway/command/retry/reread behavior; split query/command facades by vertical,Open for final architecture review,"Client architecture, all operational routes",PAID ENABLEMENT,NO
D-0018,May client-calculated Trust Score remain public?,RECONCILED_PRODUCT_RESOLVED,"Remove/hide. Do not expose until one server owner, formula, included states, and update path exist",Owner North Star requires an owner for every number,"Public profile, reputation, trust, legal",RELEVANT WAVE CUTOVER,NO
D-0019,How should Marketplace pagination be transferred?,RECOMMENDED,`KEEP_BACKEND_NEW_CLIENT`: preserve browse RPC/gateway; add cursor/viewport context,Open for final contract review,"Marketplace, map, performance",RELEVANT WAVE CUTOVER,NO
D-0020,Is Compound Need/NeedPlan discarded because no UI consumes it?,SUPERSEDED_BY_D-0042_D-0043,Preserve domain/backend; add target orchestration/projection consumer without exposing graph,Open for C04/C09 product lock,"Need, Compound, orchestration",RELEVANT WAVE CUTOVER,NO
D-0021,Which Agreement detail owns Dogovor?,RECOMMENDED,Shared `/active/[agreementId]` concept is sole target owner; redirect/merge worker duplicate,Open for navigation lock; one-owner rule applies,"Dogovor, navigation, deep links",RELEVANT WAVE CUTOVER,NO
D-0022,Is `MarketplaceDiscoveryProvider` active canonical architecture?,RECOMMENDED,No active-owner claim; it is unimported and its unwired test references absent paths. Recover useful logic only,Not owner-locked,"Marketplace, tests, legacy retirement",PAID ENABLEMENT,NO
D-0024,What is the current Supabase verdict?,RECOMMENDED,"`SUPABASE_REUSE_WITH_TARGETED_CLEANUP`; preserve canonical engines, fix bounded target contracts, retire duplicates only after proof",Not yet owner-locked,"Database, contracts, migration plan, release",RELEVANT WAVE CUTOVER,NO
D-0025,May LAB be treated as full alpha parity?,RECOMMENDED,No. Keep `LAB_EVIDENCE_PARTIAL`; require object/config/Edge parity per scenario,Evidence rule is owner-approved,"QA, runtime claims, release",RELEVANT WAVE CUTOVER,NO
D-0027,Can the current Worker-side connection-access engine be called the target Povezivanje model?,SUPERSEDED_BY_D-0071_D-0073_D-0076_D-0077_D-0078,Do not relabel it. Preserve for characterization; define Requester/consumption/replacement contract in C07 and reimplement only after approval,Requester-side is a strong Master hypothesis; exact economics still open,"Entitlement, selection, Agreement, cancellation, payment",RELEVANT WAVE CUTOVER,NO
D-0028,Deploy source-only location resolver now?,RECOMMENDED,Do not deploy. Provider-neutral domain first; admit provider/processor/legal boundary before activation,No provider locked,"Geography, map, privacy, legal",RELEVANT WAVE CUTOVER,NO
D-0030,Continue 184 historical migrations or establish a verified baseline?,RECOMMENDED,Recommend baseline+archive only after an authorized isolated zero-unexplained-diff proof against alpha,Open; no baseline creation authorized,"Migrations, environments, recovery",RELEVANT WAVE CUTOVER,NO
D-0031,How should post-auth return continuity transfer?,RECOMMENDED,"`AuthReturnTargetStore` V2 with wrapper; reimplement typed resolver for Requester default, Marketplace Need, Worker targets and expiry",Guest continuity is owner-approved; exact TTL/copy remains open,"Auth, navigation, guest Need, Marketplace",RELEVANT WAVE CUTOVER,NO
D-0032,What are the canonical profile boundaries?,RECONCILED_BY_D-0137,"One account; separate Account, Requester Profile, Worker Profile, and typed Public Profile contracts",One-account dual-role principle is OWNER_APPROVED,"Auth, profile, privacy, candidate, reputation",RELEVANT WAVE CUTOVER,NO
D-0033,How should broken Worker AI persistence be handled?,RECOMMENDED,One stable resumable conversation/session per subject flow; preserve fact/RPC/question logic behind new application owner,Open for architecture approval; no implementation now,"Worker AI, profile, matcher, resume",RELEVANT WAVE CUTOVER,NO
D-0035,How should Requester AI intake transfer?,RECOMMENDED,Keep Guest V2/materializer with wrapper; reimplement typed summary/review/voice/media UX behind same DRAFT contract,Open for final architecture/UX approval,"Requester AI, Need, auth, media",RELEVANT WAVE CUTOVER,NO
D-0036,When is a complex request one Need versus NeedPlan?,SUPERSEDED_BY_D-0042_D-0043,Multi-stop stays one Need when one commitment owns it; split only for independent selection/Agreement/permissions/lifecycle/pricing,Owner North Star requires simple Compound behavior; exact Plan status is open,"Need, geography, matching, Agreement, pricing",RELEVANT WAVE CUTOVER,NO
D-0037,What owns Need media and how does it transfer?,RECOMMENDED,"Keep private backend, add AI-first preview/upload/remove/replace/retry and signed Detail gallery; no MINI/CARD task-photo thumbnail by default",Retention/deletion requires owner/legal decision,"Need, Storage, moderation, privacy, UI",RELEVANT WAVE CUTOVER,NO
D-0038,What does moderation `REVIEW` mean before an operational queue exists?,RECOMMENDED,Fail closed; do not publish or promise SLA until authorized queue/reviewer/audit/return flow exists,Server-final authority is OWNER_APPROVED,"Safety, publish, T&S, support",RELEVANT WAVE CUTOVER,NO
D-0039,May verification badges be inferred from profile/auth data?,RECONCILED_BY_D-0133_D-0137,Hide email/phone/identity/vehicle/credential badges unless the precise verification owner/status exists,Owner forbids invented data/numbers,"Public profile, candidate, trust, legal",RELEVANT WAVE CUTOVER,NO
D-0040,What are the target Requester price choices?,RECONCILED_PRODUCT_TARGET,User-facing V0 should expose “Imam cenu” and “Tražim ponude”; adjudicate/retire legacy `FASTEST` semantics before transfer,Open,"Need, cards, Application, matching",RELEVANT WAVE CUTOVER,NO
D-0041,Can protected characteristics become matching filters?,RECOMMENDED,Never translate a protected-trait preference automatically; ask for objective lawful requirement and block the discriminatory request as written,Principle is owner-directed; exact legal exceptions need counsel,"Safety, AI, matching, legal, copy",RELEVANT WAVE CUTOVER,NO
D-0042,Should NeedPlan have an independently writable status?,OWNER_LOCKED,No independently writable Plan lifecycle status in V0; derive overall progress from child canonical Potrebe/Dogovori,LOCKED 2026-08-25 C12.5; any future atomic plan-level state requires a new explicit owner decision,"NeedPlan, Need lifecycle, UX, orchestration",RELEVANT WAVE CUTOVER,YES
D-0043,Is Compound NeedPlan mandatory V0 core?,OWNER_LOCKED,Multi-stop stays one Potreba when one Worker/team commitment owns the route; true independent compound parts become multiple canonical Potrebe; dedicated NeedPlan UI is not launch-mandatory,LOCKED 2026-08-25 C12.5; preserve umbrella backend/domain only for organization/projection and keep human-confirmed split,"Scope, Need AI, architecture, build waves",RELEVANT WAVE CUTOVER,YES
D-0044,"How should target geography distinguish ONLINE, topology and public precision?",RECOMMENDED,Use separate domain/application concepts while adapting current backend modes; do not migrate enums for aesthetics,Open for architecture approval,"Need, geography, map, matching, privacy",RELEVANT WAVE CUTOVER,NO
D-0045,Who creates public approximate coordinates?,RECOMMENDED,Server privacy service derives the public projection atomically; rounding alone is not universal anonymity,Master requires server/RLS privacy authority; exact projection policy open,"Geography, privacy, RLS, map, matching",RELEVANT WAVE CUTOVER,NO
D-0047,What key binds a recommendation to displayed Need truth?,RECOMMENDED,Require Need ID + exact Need revision + matcher version; stale annotation is ignored,Open for architecture approval,"Matching, Opportunity, Marketplace, notification copy",RELEVANT WAVE CUTOVER,NO
D-0048,Should the UI show raw matcher score/percent?,SUPERSEDED_BY_D-0125,Hide raw score. Show at most one or two server-proven user-safe reasons,Owner requires proof for every number,"Cards, Home, matching, reputation",RELEVANT WAVE CUTOVER,NO
D-0049,How should map panning trigger data retrieval?,SUPERSEDED_BY_D-0118,Older recommendation: explicit search-this-area after meaningful pan,Superseded by C12.15 owner lock: settled viewport auto-refreshes after debounce,"Map, Marketplace, performance, provider cost",RELEVANT WAVE CUTOVER,NO
D-0050,Is near-me device location saved Worker matching truth?,SUPERSEDED_BY_D-0142,Use transiently only after explicit permission; saving matching origin/radius is a separate human-confirmed preference command,Superseded by C12.37.3 owner lock D-0142: device near-me is transient; only explicit saved work area/radius becomes persistent matching truth.,"Worker preferences, location permission, Prilike, matcher, notifications, privacy",BEFORE CLEAN BUILD,NO — documentation/owner lock only; build gate remains closed
D-0051,What is one inbox item and unread number?,SUPERSEDED_BY_D-0143,One event-level item/read state; channel delivery attempts remain transport metadata,Resolved by OWNER_LOCKED D-0143 in C12.37.4,"Notifications, badges, push, Realtime",RELEVANT WAVE CUTOVER,NO — superseded by later owner lock
D-0052,How should orphan Marketplace discovery code transfer?,RECOMMENDED,`TRANSFER_LOGIC_ONLY`; characterize pagination/filter/viewport/on-demand concepts and bind them to one target discovery service,Open for transfer review,"Marketplace, map, client architecture, tests",RELEVANT WAVE CUTOVER,NO
D-0053,Should task route distance constrain radius/eligibility or only rank/context?,NEEDS_OWNER_DECISION,Keep Worker→start radius distinct; expose task route burden and decide an explicit total-travel preference before hard filtering,Open,"Matching, geography, Worker preferences, UX",RELEVANT WAVE CUTOVER,NO
D-0054,Are Application and Offer separate aggregates?,RECONCILED_ONE_APPLICATION_TARGET,One `Application` aggregate; `pricing.kind` represents fixed-price or offer semantics; adapt current response kind without exposing two lifecycles,Open for domain lock,"Application, candidate, selection, AI, UI",RELEVANT WAVE CUTOVER,NO
D-0055,Do physical and online Applications use different intake/write authorities?,OWNER_LOCKED,One Application AI + human-confirmation flow for physical and Na daljinu; no silent remote direct-submit bypass,LOCKED: physical and Na daljinu both use AI proposal → human review → explicit send,"Application AI, remote, worker Need detail, service/runtime",RELEVANT WAVE CUTOVER,NO — global owner review still open
D-0056,What communication is allowed before selection?,OWNER_LOCKED,Anonymous Need Q&A before selection; full private chat only after Dogovor,LOCKED: question anonymous to Requester and public; public only after Requester answers; system retains author internally; edited answers show Izmenjeno,"Need detail, moderation, chat, privacy, anti-circumvention",RELEVANT WAVE CUTOVER,NO — global owner review still open
D-0057,What must Requester selection bind?,RECOMMENDED,Bind exact Need revision and observed Application version/hash; use a semantic request ID and replay receipt,Open for architecture approval,"Selection, Agreement, entitlement, retry",RELEVANT WAVE CUTOVER,NO
D-0058,Can coverage above one be submitted without named team members?,OWNER_LOCKED,Yes. V0 uses accountable lead + covered headcount; no named-helper roster required,LOCKED: lead may cover multiple people; helpers need no account/name/roster; no inherited rating,"Application, team, participant snapshot, privacy, reputation",RELEVANT WAVE CUTOVER,NO — global owner review still open
D-0059,What is the V0 team Agreement model?,OWNER_LOCKED,Lead owns the Application/Dogovor for covered quantity; helper identity is not a formal V0 aggregate,"LOCKED: simple lead + covered-headcount model; richer organization model optional, not V0 prerequisite","Team, Dogovor, participants, privacy, execution",RELEVANT WAVE CUTOVER,NO — global owner review still open
D-0060,Which screen owns Dogovor detail?,RECONCILED_BY_D-0086_SINGLE_DOGOVOR,Shared `/active/[agreementId]` is the sole product owner; merge/redirect the Worker duplicate after parity,Open for C08 navigation lock,"Dogovor, navigation, deep links, transfer",RELEVANT WAVE CUTOVER,NO
D-0061,How should execution actions map to server states across modes?,RECOMMENDED,UI emits semantic actions with expected version/state and stable request IDs; application layer maps valid actions per PHYSICAL/REMOTE/PICKUP_DELIVERY mode,Open for architecture/UX approval,"Dogovor, execution, UI, tests",RELEVANT WAVE CUTOVER,NO
D-0062,May operational cancellation require counterparty acceptance?,OWNER_LOCKED,Operational cancellation is unilateral; consequences separate,LOCKED: counterparty cannot veto cancellation; history/attribution preserved,"Cancellation, safety, Dogovor, replacement",RELEVANT WAVE CUTOVER,NO — global owner review still open
D-0063,What recovery follows qualifying Worker failure?,OWNER_LOCKED,"Same-Need same-vacated-coverage replacement entitlement; C12.7 opens immediately after qualifying Worker cancellation or confirmed no-show and ends at earliest refill, Requester closure/cancellation, basis-invalidating material revision, or 24h after original confirmed execution-window end",LOCKED CORE + WINDOW 2026-08-25 C12.7; server owns deadline,"Replacement, Need lifecycle, Povezivanje",RELEVANT WAVE CUTOVER,NO — global owner review still open
D-0064,What if a bounded replacement is not found?,OWNER_LOCKED,No automatic universal/global refund if replacement is not found; support remedy separate,LOCKED CORE: no global credit/refund automatically; support correction is separate,"Replacement, ledger, support",RELEVANT WAVE CUTOVER,NO — global owner review still open
D-0065,How should cancellation severity and enforcement be decided?,OWNER_LOCKED,"Progressive/contextual enforcement using actor, timing, severity, reason/context, repetition/history, corroborated evidence and confirmed abuse; one ordinary cancellation is not an automatic penalty/ban; AI may triage but cannot alone impose severe suspension/final abuse or fraud verdict",LOCKED 2026-08-25; exact numeric windows/counts/durations and appeal/SLA remain later policy parameters,"Trust and Safety, matching, reputation, support",RELEVANT WAVE CUTOVER,NO — global owner review still open
D-0066,What happens when a user blocks another during an active Agreement?,OWNER_LOCKED,"Do not finalize block while Dogovor is active; route user to complete/cancel first, keep immediate report path, then allow block from profile/history after terminal state; preserve all history/evidence",LOCKED 2026-08-25: active Dogovor must first end; future matching/contact blocked only after terminal; history/evidence retained,"Block, chat, safety, Agreement, evidence",RELEVANT WAVE CUTOVER,NO
D-0068,How should `rpc_r37_set_response_team` transfer?,RECOMMENDED,`REIMPLEMENT_SAME_CONTRACT`; preserve roster/version semantics but write canonical amount and currency atomically,Open for build approval only,"Team, Application, Money, Supabase, tests",RELEVANT WAVE CUTOVER,NO
D-0069,What is the target review entry and reputation projection?,NEEDS_OWNER_DECISION,No preselected rating or recommendation; role-valid tags; server owns rating/review count/completed jobs and team attribution after policy decision,Open for product lock,"Completion, review, public profile, team, metrics",RELEVANT WAVE CUTOVER,NO
D-0071,Who is the target Povezivanje beneficiary/payer?,OWNER_LOCKED,Requester is Povezivanje payer/beneficiary,LOCKED: Requester economic payer/beneficiary; Applications free,"Povezivanje, selection, monetization",RELEVANT WAVE CUTOVER,NO — global owner review still open
D-0073,When should a unit reserve and consume?,OWNER_LOCKED,Consume Povezivanje when exact selected Application activates Dogovor; no redundant Worker re-confirm,LOCKED: selection of unchanged Application activates Dogovor and consumes per covered headcount,"Selection, Dogovor, Povezivanje, ledger",RELEVANT WAVE CUTOVER,NO — global owner review still open
D-0074,How should just-in-time purchase return to selection?,RECOMMENDED,"Return to same Requester/Need/revision/candidate/Application/allocation only after issuance, then revalidate all facts before reserving",Open for UX/architecture lock,"Purchase, auth/role, selection, slots, navigation, idempotency",RELEVANT WAVE CUTOVER,NO
D-0075,What launch/pricing sequence best protects liquidity?,OWNER_LOCKED,V1 promotional-free for all eligible Requesters through real Povezivanje engine with costQuantity=0; paid checkout disabled until evidence + store/legal/fiscal/payment/provider gates,LOCKED 2026-08-25 C12.13; exact later paid prices/date intentionally deferred,"Growth, liquidity, pricing, payments, release",PAID ENABLEMENT,YES
D-0076,How should a multi-slot Need consume Povezivanja?,OWNER_LOCKED,Povezivanje consumption is allocation/headcount scoped,LOCKED: consume per covered headcount; independent coverage can activate independently,"Multi-slot, Povezivanje, selection",RELEVANT WAVE CUTOVER,NO — global owner review still open
D-0077,When can one Worker team covering five equal one Povezivanje?,OWNER_LOCKED,"A lead covering N people consumes N Povezivanja, not one",LOCKED: one lead covering two consumes two; teammate account not required,"Team, Povezivanje, ledger",RELEVANT WAVE CUTOVER,NO — global owner review still open
D-0078,How does replacement interact with the global ledger?,OWNER_LOCKED,Original activation remains consumed; replacement OPEN/RESERVED/CONSUMED/EXPIRED events carry zero global bucket delta and bind original Need/allocation,LOCKED CORE + WINDOW 2026-08-25 C12.7,"Replacement, ledger, cancellation, support, abuse",RELEVANT WAVE CUTOVER,NO
D-0079,"May cancellation, payment refund and entitlement correction share one command?",RECOMMENDED,"Keep operational cancellation, provider-verified money refund/chargeback, and reason-coded support grant correction separate; no inferred cross-transition",Open for architecture/legal lock,"Cancellation, payment, ledger, support, audit",RELEVANT WAVE CUTOVER,NO
D-0080,What happens when bounded replacement is not filled?,OWNER_LOCKED,Entitlement ends `EXPIRED/NOT_FILLED`; original remains consumed; support may grant only an approved exceptional remedy,LOCKED CORE + WINDOW 2026-08-25 C12.7; no automatic global credit/refund,"Replacement, support, copy, legal, ledger",RELEVANT WAVE CUTOVER,NO
D-0081,May purchased Povezivanja expire?,OWNER_LOCKED,Purchased Povezivanja do not expire,LOCKED: purchased units never expire; promotional/replacement windows are distinct,"Povezivanje, packages, legal",PAID ENABLEMENT,NO — global owner review still open
D-0082,May paid checkout be enabled for V0 now?,RECOMMENDED,Keep `UNCONFIGURED`/checkout disabled; exact Apple/Google SKU channel and Serbian operator/NBS/fiscal/VAT/consumer/currency duties must be documented before any paid flag/SKU/provider,Open; professional confirmations required,"Release, payments, store submission, legal, finance, support",PAID ENABLEMENT,NO
D-0084,What is Requester primary V0 navigation?,OWNER_LOCKED,Requester nav = Početna | Potrebe | + | Dogovori | Profil,LOCKED,"Requester IA, router, bottom nav, deep links",RELEVANT WAVE CUTOVER,NO — global owner review still open
D-0085,What is Worker primary V0 navigation?,OWNER_LOCKED,Worker nav = Početna | Prijave | [USKOČI znak→Prilike] | Dogovori | Profil; availability from Home/Profile,LOCKED,"Worker IA, marketplace, applications, Dogovori, profile",RELEVANT WAVE CUTOVER,NO — global owner review still open
D-0086,How should Dogovor local information be organized?,OWNER_LOCKED,Dogovor local nav = Pregled | Poruke,LOCKED: chronology can be a section/contextual surface; no required Tok tab,"Dogovor, chat, execution, privacy",RELEVANT WAVE CUTOVER,NO — global owner review still open
D-0087,What visual system should operational screens use?,REFINED_BY_D-0139_VISUAL_DIRECTION,"Warm ivory/light operational canvas, midnight trust/status, orange action, semantic status colors; current dark counterpart; no parallel role systems",Open for final visual lock,"Design system, all screens, Figma",RELEVANT WAVE CUTOVER,NO
D-0088,Should V0 have global Map or Messages primary tabs?,OWNER_LOCKED,No global Map or Messages primary tab; Prilike owns map/cards and Dogovor owns full chat,LOCKED by final navigation + communication model; exact map interaction remains D-0108 OPEN,"Navigation, Marketplace, chat, monetization/circumvention",RELEVANT WAVE CUTOVER,NO
D-0089,May C08 introduce a new font/typeface dependency to make Figma look more premium?,RECOMMENDED,Do not invent a font dependency in read-only product definition. Preserve current scale; lock a cross-platform family only with owner approval and implementation/performance review,Open,"Typography, assets, bundle, Figma, accessibility",RELEVANT WAVE CUTOVER,NO
D-0100,Does selected unchanged Application require another bilateral Dogovor confirmation?,OWNER_LOCKED,No. Worker Application is Worker consent; Requester selection is Requester consent; unchanged Dogovor activates immediately,LOCKED,"Selection, Application, Dogovor, notifications",RELEVANT WAVE CUTOVER,NO — global owner review still open
D-0101,What private contact data unlocks after Dogovor?,OWNER_LOCKED,Exact physical operational details only when needed; phone opt-in; email not standard; Na daljinu has no address reveal,LOCKED,"Privacy, RLS, Dogovor, chat",RELEVANT WAVE CUTOVER,NO — global owner review still open
D-0102,How does completion finalize?,OWNER_LOCKED,Worker done opens 48h Requester window; no problem → auto-complete; Requester can complete independently; no mandatory start-work gate,LOCKED,"Dogovor, execution, completion, notifications, review",RELEVANT WAVE CUTOVER,NO — global owner review still open
D-0103,Does accepted material Dogovor change require another confirmation round?,OWNER_LOCKED,No. Proposer consent + other-party acceptance activates the new version immediately; old version remains immutable history,LOCKED,"Dogovor versioning, change proposal, privacy, audit",RELEVANT WAVE CUTOVER,NO — global owner review still open
D-0104,Must Worker finish profile before browsing Prilike?,OWNER_LOCKED,No. Browsing is allowed; minimum human-confirmed Worker profile is required before first Application,LOCKED,"Worker onboarding, profile AI, marketplace, Application gate",RELEVANT WAVE CUTOVER,NO — global owner review still open
D-0105,Who can see the author of a preselection Need question?,OWNER_LOCKED,Neither Requester nor public users; only the system retains author identity for abuse/spam/audit,LOCKED,"Q&A, moderation, privacy",RELEVANT WAVE CUTOVER,NO — global owner review still open
D-0106,When does a preselection question become public?,OWNER_LOCKED,Only after Requester answers; ignored/rejected/reported questions stay non-public,LOCKED,"Need detail, Q&A, moderation",RELEVANT WAVE CUTOVER,NO — global owner review still open
D-0107,May Requester edit a published Q&A answer?,OWNER_LOCKED,Yes; show a discreet Izmenjeno marker and retain audit/version history,LOCKED,"Need detail, Q&A, audit",RELEVANT WAVE CUTOVER,NO — global owner review still open
D-0108,What is the remaining final marketplace map provider/gesture/layout contract?,OPEN,"Provider and remaining layout/low-level interaction details remain open; refresh is D-0118, clustering D-0119 and individual pin visible content D-0120.",OPEN REMAINDER after C12.15-C12.17; do not reopen locked map semantics,"Marketplace, map, cards, filters, provider, BBOX",RELEVANT WAVE CUTOVER,NO
D-0109,How long does an Application remain fresh/active and what happens when the Potreba changes materially?,OWNER_LOCKED,"No arbitrary time expiry. Material Need change makes affected unselected Application STALE_REVIEW_REQUIRED/non-selectable and notifies Worker with readable diff. Worker explicitly chooses Zadrži prijavu (reconfirm/rebase same terms to latest Need revision), Izmeni prijavu (AI/review + explicit new version), or Povuci prijavu. No response stays stale; no silent carry-forward.",LOCKED 2026-08-25 C12.12; active Dogovor changes use separate material-change consent rule,"Applications, notifications, Need lifecycle, candidate selection",RELEVANT WAVE CUTOVER,NO — global owner review still open
D-0110,Does changing an unregistered helper require a separate team-member change flow?,OWNER_LOCKED,"No. If lead still covers the same quantity/terms, helper identity change is non-material; only covered-headcount/terms change is material",LOCKED,"Team UX, Application, Dogovor, coverage, Povezivanje",RELEVANT WAVE CUTOVER,NO — global owner review still open
D-0111,How does live Dostupan sam interact with weekly availability?,OWNER_LOCKED,"Dostupan sam ON persists until Worker turns it OFF (or account/safety authority disables it), has no arbitrary auto-expiry, may override weekly recurring baseline, but not active Dogovor/personal hard unavailable block or missing skill/resource/location eligibility. OFF does not hide manual Prilike.",LOCKED 2026-08-25 C12.8; future scheduled proactive notification behavior while OFF remains separate,RELEVANT WAVE CUTOVER,,
D-0112,What proactive opportunity notifications remain when Dostupan sam = OFF?,OWNER_LOCKED,OFF suppresses immediate/ready-now proactive opportunity dispatch but future-scheduled Need alerts remain eligible when execution time matches confirmed weekly/date-specific availability and notification preferences. ON allows immediate + future eligible alerts; manual Prilike remains available; quiet hours/channel/topic preferences still gate delivery.,LOCKED 2026-08-25 C12.9,"Availability, matching, notifications, Prilike",RELEVANT WAVE CUTOVER,NO — global owner review still open
D-0113,May HITNO opportunity push bypass Worker quiet hours automatically?,OWNER_LOCKED,"No. Quiet hours apply to HITNO by default. Separate explicit Worker opt-in (e.g. Dozvoli HITNO tokom tihih sati), default OFF, is required for interrupting urgent push during quiet hours. In-app event recording remains separate and no other eligibility/safety gate is bypassed.",LOCKED 2026-08-25 C12.10,"Notifications, preferences, availability, HITNO",RELEVANT WAVE CUTOVER,NO — global owner review still open
D-0114,Must a quiet-hours-delayed opportunity push be revalidated before later delivery?,OWNER_LOCKED,"Yes. Never blindly deliver an old queued opportunity push. At release time server revalidates current Potreba revision/state, remaining coverage, Worker eligibility/availability/preferences and actionability; stale opportunities are suppressed; otherwise only a fresh privacy-safe delivery attempt may proceed.",LOCKED 2026-08-25 C12.11; in-app event/history remains separate from transport delivery,,,
D-0115,Must public V1 be structurally update-ready for later app/data releases?,OWNER_LOCKED,Stable store identity/signing/versioning plus backward-compatible API/schema/local-state migration and controlled release/rollback compatibility from first release,LOCKED 2026-08-25 C12.13; updateability is mandatory V1 release quality,"Release, Android, iOS, Expo/EAS, API, Supabase migrations, local persistence, CI/CD",RELEASE,YES
D-0116,What is the V1 soft-vs-mandatory app-update policy?,OWNER_LOCKED,"Ordinary releases are optional/soft prompts; mandatory update only for unsafe, critically broken or server-declared unsupported/incompatible clients; official-store route and no destructive reset.",LOCKED 2026-08-25 C12.14,"Release, compatibility, mobile client, backend config",RELEASE,YES
D-0117,Must V1 be payment-ready even though paid checkout launches disabled?,OWNER_LOCKED,Ship payment-ready Povezivanje/ledger/catalog/config/return/revalidation boundaries with charging disabled. Later server-side enablement is allowed only if pre-shipped client + chosen provider/store/legal/fiscal contract supports it; otherwise normal compatible update required.,LOCKED 2026-08-25 C12.14; payment-ready but disabled,"Povezivanje, payments, release, remote config, provider boundary",PAID ENABLEMENT,YES
D-0118,How should native Prilike map refresh after Worker pans/zooms?,OWNER_LOCKED,Auto-refresh settled bounded viewport after short debounce/coalescing; no request per camera frame; preserve previous snapshot while loading and update pins + bottom cards atomically from the same query result. Manual search-this-area is fallback/retry only.,LOCKED 2026-08-25 C12.15; provider/clustering/debounce tuning later; individual marker content is D-0120,"Map, Marketplace, cards, BBOX, performance",RELEVANT WAVE CUTOVER,YES
D-0119,How should Prilike pins cluster when many Potrebe share a small visible area?,OWNER_LOCKED,Show individual Potreba pins whenever current zoom/density keeps them legible. Cluster only when pins would materially overlap/become unreadable. Cluster tap zooms/expands/separates members; clusters dissolve when zoom permits; pin/card focus stays synchronized.,LOCKED 2026-08-25 C12.16; clustering threshold/algorithm/cluster visuals later; individual marker content is D-0120,"Map, Marketplace, clustering, cards",RELEVANT WAVE CUTOVER,YES
D-0120,What visible content should an individual physical Potreba pin show in Prilike?,OWNER_LOCKED,"Canonical USKOČI pin/mark symbol only on each individual marker. No price/currency, PONUDE, HITNO, title, Requester identity/avatar, exact address or recommendation/matcher data; tapping focuses the synchronized bottom card; selection may use non-content ring/scale/halo.",LOCKED 2026-08-25 C12.17; cluster count allowed only on aggregate cluster,"Map, Marketplace, brand system, accessibility, cards",RELEVANT WAVE CUTOVER,YES
D-0121,What is the primary native-phone Prilike map/card layout?,OWNER_LOCKED,One stacked screen: live map upper region + one-column vertical Opportunity-card list below. Lower list scrolls vertically; pin tap focuses/scrolls matching card and card focus/tap highlights matching pin. Horizontal card carousel and draggable overlay sheet are not the primary V1 browsing model.,LOCKED 2026-08-25 C12.18; exact map:list height ratio/responsive tuning later,"Map, Marketplace, cards, mobile UX, accessibility",RELEVANT WAVE CUTOVER,YES
D-0122,What is the default Worker Prilike ordering and which manual sort/scope choices remain available?,OWNER_LOCKED,"Default card order is Najbolje za mene, server-ranked from current task-relevant facts without raw matcher %. Manual sorts: Najbliže, Najnovije, Najskoriji termin, Cena niža prvo, Cena viša prvo where semantics are valid. Preserve Sve / Fizičke (in-person) / Na daljinu; remote has no fabricated distance/pin; one shared map+card snapshot.",LOCKED 2026-08-25 C12.19; exact control styling and remaining filter-detail presentation later,"Marketplace, Matching, Map, Cards, Filters, Sort",RELEVANT WAVE CUTOVER,YES
D-0123,How do MINI / CARD / DETAIL map to the native-phone Prilike browsing flow?,OWNER_LOCKED,"Three deterministic projections of the same Need revision. MINI is secondary compact context; primary Prilike vertical list uses CARD with scan-safe task summary, price/offer mode, people, time, public area and single-place/route meaning. CARD tap opens full-screen DETAIL with full public-safe scope/media/route/anonymous Q&A. Swipe-down or Back restores exact prior map/filter/sort/list-scroll/selected-pin context. AI may compose readable summary only from human-confirmed canonical facts.",LOCKED 2026-08-25 C12.20; exact card typography/height and transition animation later,"Need projections, Marketplace, Map, Cards, Detail, AI presentation, Q&A, navigation/resume",RELEVANT WAVE CUTOVER,YES
D-0124,Should task photos/media appear directly on the primary Prilike CARD?,OWNER_LOCKED,No. Primary vertical CARD remains text/fact-first with no task-photo thumbnail or media preview. Actual signed photos/media are shown in full-screen DETAIL; CARD may use only a subtle non-image media count/icon if useful.,LOCKED 2026-08-25 C12.21; DETAIL remains media owner,"Need projections, Marketplace, Cards, Detail, Media, Privacy, Performance",RELEVANT WAVE CUTOVER,YES
D-0125,Should the primary Prilike CARD show Zašto Vam odgovara / match-reason chips or lines?,OWNER_LOCKED,"No. Primary browse CARD stays task-fact-only: no recommendation-reason sentence/chip, capability-fit label, raw matcher score or percentage. Najbolje za mene remains server-owned ordering. Evidence-backed explanation may remain in deliberate DETAIL/Worker Home contexts when current and useful.",LOCKED 2026-08-25 C12.22; primary CARD is zero-reason while D-0048 explainability can remain outside that consumer,"Marketplace CARD, matching explainability, Worker Home, Detail",RELEVANT WAVE CUTOVER,NO — build gate remains closed
D-0126,Should the primary Prilike CARD show Requester identity/reputation?,OWNER_LOCKED,"Yes. Show a small but visible trust strip with authorized public avatar, public display name and server-owned rating state; authoritative review count may accompany rating compactly. Keep job facts primary; never expose contact/private data or fabricate rating.",LOCKED 2026-08-25 C12.23; D-0120 still keeps identity off individual map pins,"Marketplace CARD, Requester public profile, reputation, media, privacy",RELEVANT WAVE CUTOVER,NO — build gate remains closed
D-0127,How should taps on the Requester trust strip vs the rest of the primary Prilike CARD behave?,OWNER_LOCKED,Trust strip (public avatar/name/rating) is one distinct accessible profile affordance that opens the Requester public profile. Any other CARD tap opens Need DETAIL. Hit target must be touch-accessible without stealing normal CARD taps; Back from either destination restores exact prior Prilike context. No mutation/private contact exposure.,LOCKED 2026-08-25 C12.24; profile unavailable/error fails safely without falling through to another action,"Marketplace CARD, Requester public profile, Need Detail, navigation/resume, accessibility, privacy",RELEVANT WAVE CUTOVER,NO — build gate remains closed
D-0128,Should the Requester public profile show the actual individual reviews beneath the rating summary?,OWNER_LOCKED,"Yes. Show eligible individual reviews under authoritative average/count with actual submitted 1–5 stars and the real reviewer-authored comment when present. Never invent, AI-generate or seed review prose; no-comment reviews remain star-only. Feed and aggregate share the same completed-Dogovor eligibility/moderation set.",LOCKED 2026-08-25 C12.25; exact reviewer identity/date presentation remains separate,"Requester public profile, reviews, reputation, moderation, privacy",RELEVANT WAVE CUTOVER,NO — build gate remains closed
D-0129,Should each individual public review show the identity of the person who actually left it?,OWNER_LOCKED,"Yes. Each eligible review entry shows the canonical reviewer's authorized public avatar/photo and public display name, together with the actual submitted stars and human-authored comment when present. Reviewer identity comes only from the authorized public-profile projection; no phone/email/exact address/private verification data or synthetic reviewer identity is exposed. Exact reviewer-profile tap navigation and date treatment remain separate.",LOCKED 2026-08-25 C12.26; extends D-0128 review-evidence surface without changing review eligibility/aggregate truth,"Requester public profile, reviews, reputation, reviewer public profile, privacy",RELEVANT WAVE CUTOVER,NO — build gate remains closed
D-0130,Should tapping the reviewer avatar/name inside a public review open that reviewer's public profile?,OWNER_LOCKED,Yes. Only the reviewer's authorized public avatar/name is a distinct accessible hit target opening that exact reviewer's public profile. Stars/comment remain non-navigation content. Back restores exact prior profile and review-scroll position; unavailable/unauthorized reviewer profile fails explicitly without redirecting.,LOCKED 2026-08-25 C12.27; exact review date presentation remains separate,"Reviews, reputation, public profiles, navigation/resume, accessibility, privacy",RELEVANT WAVE CUTOVER,NO — build gate remains closed
D-0131,How should each public review show when it was left?,OWNER_LOCKED,Show a truthful relative-age label from the canonical review timestamp using natural coarse units such as pre 1 dan / pre 1 nedelju / pre 1 mesec / pre 1 godinu and corresponding plural counts. Public review cards do not show hour/minute precision. The label is presentation only and never rewrites the immutable review timestamp.,LOCKED 2026-08-25 C12.28; exact localization/pluralization thresholds are implementation/i18n details as long as displayed age remains truthful,RELEVANT WAVE CUTOVER,,
D-0132,Should the Requester public profile show a completed-Dogovor count?,OWNER_LOCKED,"Yes. Show a compact server-proven count such as `12 završenih dogovora`, counting distinct canonical completed Dogovori where the profiled account acted as Requester. Do not infer from posted Potrebe, Applications, selection-only state, cancellations/no-shows or review count. Keep it independent of star math, role-scoped, aggregate-only and privacy-safe.",LOCKED 2026-08-25 C12.29; Worker completion count remains a separate role-specific metric,"Requester public profile, Agreement completion, reputation/trust projection, privacy",RELEVANT WAVE CUTOVER,NO — build gate remains closed
D-0133,Should the Requester public profile show a `Verifikovan identitet` badge?,OWNER_LOCKED,"Yes, but only when a precise server-authoritative identity-verification owner/state says the profiled account is currently and validly verified. Missing, expired, revoked, unsupported, failed or uncertain verification shows no badge. Never infer verification from auth/profile/rating/history; never expose underlying documents/evidence; badge means identity verification only, not endorsement, skill, reliability or safety guarantee.",LOCKED 2026-08-25 C12.30; product-resolves D-0039 anti-inference rule for this consumer while implementation/runtime proof remains gated,"Requester public profile, identity verification, trust, privacy",RELEVANT WAVE CUTOVER,NO — build gate remains closed
D-0134,What happens when a user taps the Requester public-profile `Verifikovan identitet` badge?,OWNER_LOCKED,"Open a small privacy-safe explanatory sheet such as `Identitet je potvrđen`. Briefly explain that the account passed the current identity-verification process and explicitly that this is not a USKOČI endorsement, skill credential, reliability score, safety guarantee or quality promise. Never reveal verification documents/evidence/provider payloads or route to private verification data; the sheet is informational/non-mutating and stale verification fails closed.",LOCKED 2026-08-25 C12.31; exact sheet visuals/microcopy remain implementation/accessibility/i18n tuning,"Requester public profile, identity verification, trust explanation, privacy",RELEVANT WAVE CUTOVER,NO — build gate remains closed
D-0135,Should the compact Requester trust strip on the primary `Prilike` CARD show verified-identity state?,OWNER_LOCKED,"Yes, but only as one tiny verified check/icon next to the Requester public display name when the same server-authoritative identity-verification truth used by D-0133 is currently valid. Do not show the full `Verifikovan identitet` text on CARD. The check is not a separate tap target; the whole trust strip keeps D-0127 behavior and opens the public profile. Missing/stale/revoked/uncertain verification shows no icon, and the mark never implies endorsement, skill, reliability, safety or quality.",LOCKED 2026-08-25 C12.32; exact icon visuals/accessibility copy remain implementation tuning,"Prilike Opportunity CARD, Requester public trust strip, identity verification",RELEVANT WAVE CUTOVER,NO — build gate remains closed
D-0136,Should the Uskočer public profile show a completed-work count?,OWNER_LOCKED,"Yes. Show a compact server-proven count such as `27 završenih poslova`, counting distinct canonical completed Dogovori where the profiled account was the accountable Worker/lead. Do not infer from Applications, candidate selection, helper/team headcount, cancellations/no-shows, nonterminal work or review count. Team V0 credits the accountable lead only. Keep it independent of star math, role-scoped, aggregate-only and privacy-safe; Requester completed-Dogovor count remains separate under D-0132.",LOCKED 2026-08-25 C12.33; exact copy/pluralization and final metric-owner implementation remain gated,"Uskočer public profile, reputation/trust projection, Agreement completion metrics",RELEVANT WAVE CUTOVER,NO — build gate remains closed
D-0137,Is identity verification one account-level truth across Requester and Uskočer public profiles?,OWNER_LOCKED,"Yes. Identity verification belongs to the human account, not to a role. Requester and Uskočer public-profile projections consume the same current/valid server-authoritative verification state; do not create a second Worker-only or Requester-only verification truth. If authoritative verification expires/revokes, all role projections lose the badge/check after freshness revalidation. The same privacy-safe meaning/limits from D-0133/D-0134 apply and verification evidence remains private.",LOCKED 2026-08-25 C12.34; owner explicitly stated `identitet je identitet`; role-specific profile content remains separate while identity truth is shared,"Account identity verification, Requester public profile, Uskočer public profile, trust badges/checks",RELEVANT WAVE CUTOVER,NO — build gate remains closed
D-0138,Should owner review continue through micro product/UI/UX decisions before clean build?,OWNER_LOCKED,"Yes. Before clean build, continue a systematic screen-by-screen and flow-by-flow UI/UX closure pass, including micro decisions when they affect what the user sees, taps, understands, returns to, or experiences in loading/empty/error/offline/stale/accessibility states. Pure engineering internals that do not alter user/product semantics remain delegated to architecture/implementation and do not require owner questions.",LOCKED 2026-08-25 C12.35; supersedes only the C12.34 operating-mode clarification that over-delegated reversible UI details; D-0137 account-level identity truth remains unchanged,"Owner review process, screen contracts, UI/UX closure, implementation handoff",BEFORE CLEAN BUILD,NO — build gate remains closed
D-0139,How should the owner-generated UI boards supplied on 2026-08-25 be used?,OWNER_LOCKED,"Save them as official VISUAL DIRECTION EVIDENCE, not as literal final screen contracts. Preserve the premium warm-human direction: deep forest/teal trust surfaces, warm ivory canvas/cards, orange action accent, clear hierarchy, calm rounded cards, restrained shadows, consistent icons, human photography/illustration, generous spacing and mobile-first flow. Any tab, CTA, status, metric, badge, field, navigation, monetization wording or lifecycle behavior shown in a board that conflicts with newer OWNER_LOCKED product truth must be redesigned screen-by-screen; final product/data/action/privacy contracts always win.",LOCKED 2026-08-25 C12.35; ten unique boards persisted in VISUAL_REFERENCE_BOARD_C12_35; one duplicate upload deduplicated by identical SHA-256,"Visual language, Figma-ready UI, screen-by-screen closure, reference evidence",BEFORE CLEAN BUILD,NO — build gate remains closed
D-0140,May AI decide publish safety/legal eligibility from its own model memory?,OWNER_LOCKED,"No. Use a versioned server-owned USKOCI safety/legal policy bundle. AI may interpret user language and ask rule-bound clarifying questions, but the server safety gate is final authority. Missing/conflicting/stale/unreviewed rules fail closed to REVIEW rather than being improvised.",LOCKED 2026-08-25 C12.37.1; owner explicitly requires decisions to come from the project legal/safety files and not be made napamet,"AI intake, safety publish gate, moderation REVIEW, policy/versioning, legal product boundary, notifications/Prilike suppression",BEFORE CLEAN BUILD,NO — documentation/owner lock only; build gate remains closed
D-0141,When may Need media be physically deleted versus privately retained as evidence?,OWNER_LOCKED,"Requester may remove ordinary disposable Need media from the active/public projection and server cleanup may physically delete it when no Agreement/evidence/legal hold applies. Media that is part of an accepted Dogovor snapshot, report/problem/dispute, moderation/audit evidence or authorized legal hold is hidden/non-public but not immediately destroyed. Account closure follows the same disposable-vs-evidence distinction. Exact retention durations are not invented; they come from versioned privacy/legal retention policy, after which secure deletion occurs when no hold remains.",LOCKED 2026-08-25 C12.37.2; exact retention periods intentionally deferred to approved Serbian privacy/legal retention policy; destructive evidence cleanup remains gated until that policy exists,"Need media, Storage, privacy, Dogovor evidence, moderation, reports/disputes, account deletion, retention",BEFORE CLEAN BUILD,NO — documentation/owner lock only; build gate remains closed
D-0142,Should device near-me GPS become persistent Worker matching truth?,OWNER_LOCKED,"No. Use precise device/GPS location transiently for the current nearby browse/query only after permission. Do not silently persist or background-track it. Persistent matching/notification geography exists only after an explicit human action such as Save work area, producing an editable/removable work-area/radius preference. Revoking device-location permission stops future reads but does not silently erase a separately saved work-area preference. Remote opportunities do not require location.",LOCKED 2026-08-25 C12.37.3; owner explicitly approved transient near-me + explicit saved work-area semantics.,"Worker preferences, location permission, Prilike, matcher, notifications, privacy, remote work",BEFORE CLEAN BUILD,NO — documentation/owner lock only; build gate remains closed
D-0143,What is one notification inbox item and what does unread mean?,OWNER_LOCKED,One canonical event = one inbox item across push retries/devices/channels. Unread is event-level server truth. Opening the list alone does not mark all read; opening a specific item or successfully resolving its push marks that event read. Provide explicit idempotent Mark all as read. Every tap authenticates and rereads current entity truth; stale historical events never expose stale actionable CTAs.,"LOCKED 2026-08-25 C12.37.4; owner explicitly approved one-event/one-item, event-level read state, explicit mark-all, and stale-tap revalidation.","Notification inbox, push, Realtime, deep links, unread badge, multi-device state, privacy",BEFORE CLEAN BUILD,NO — documentation/owner lock only; build gate remains closed
D-0144,"Can location be shared during an active Dogovor, and who may activate it?",OWNER_LOCKED,"For active physical Dogovori, the Worker may voluntarily share a current-location snapshot and the Requester may request one, but the Worker must explicitly approve/share. V1 has no continuous/background tracking, route history or silent GPS activation. The snapshot is participant-only, timestamped/age-labelled, optional and never an execution prerequisite. Remote Dogovori do not expose the physical-location action.",LOCKED 2026-08-25 C12.37.5; owner explicitly approved Worker-initiated or Requester-requested current-location sharing with Worker consent and no live/background tracking in V1.,"Dogovor, execution UX, location permission, privacy grants, RLS, Realtime, notifications, physical/remote modes",BEFORE CLEAN BUILD,NO — documentation/owner lock only; build gate remains closed
D-0145,Should V1 have AI-selected or mode-specific execution progress milestones such as Krećem/Stigao sam/Preuzeo sam?,OWNER_LOCKED,"No. V1 has no dedicated execution-progress milestone state machine and AI does not generate/select such steps. Progress is communicated through Dogovor chat; D-0144 optional current-location snapshot remains separate. No Započni rad/arrival/milestone prerequisite may block Završio sam. Existing EN_ROUTE/ARRIVED/pickup-delivery state chains are current-system evidence, not target requirements. Future quick actions are post-V1 and any canonical gate requires a separate owner contract.",LOCKED 2026-08-25 C12.37.6; owner explicitly chose simplicity over a milestone system after reviewing the potential complexity.,"Dogovor, execution UX, chat, completion, location sharing, current-source transfer",BEFORE CLEAN BUILD,NO — documentation/owner lock only; build gate remains closed
D-0146,What background visual system is canonical for S01 and the entry visual direction?,OWNER_LOCKED,"Use the accepted forest/teal background direction with a lighter central focus, dark city silhouette in the lower zone and ivory location pins. Do not use connecting route lines. Do not reinterpret it as metallic/3D/neon/gold. Treat background as an independent replaceable layer, separate from logo/text/motion.",LOCKED 2026-08-26 during S01 screen-by-screen visual closure.,"S01 Splash, entry visual system, Clean Home visual continuity, background asset system",BEFORE CLEAN BUILD,NO — documentation/visual asset owner lock only; build gate remains closed
