function	part	exposure	pre_md5	sites	messages
private.execute_retention_job	1	I	1125b86e39ed9d71e04807706251a546	1	RETENTION_ATTEMPT_STALE:D2:1
private.need_publication_context	1	I	d3904a6c5cc304bd8aaca769fcf8ce0b	1	NEED_REVISION_STALE:D1:1
private.platform_price_add_version	1	I	cd92f120495bf6b4cd550f558876d1b0	1	PRICE_VERSION_STALE:D1:1
private.worker_ai_patch	1	I	934f87623884c19412efff75b774e4e4	3	WORKER_AI_RULE_STALE:D5:1;WORKER_AI_WINDOW_STALE:D5:2
private.worker_ai_turn_recovery_v5	1	I	c08d6ef84cd06d1cffb2e5f02716954d	1	WORKER_AI_REQUEST_CONFLICT:D3:1
public.rpc_accept_ai_task_review	1	A	7ce9555a32037b2307c6dc9ac91e8371	5	TASK_REVIEW_DIGEST_MISMATCH:D4:1;TASK_REVIEW_EXPIRED:D2:1;TASK_REVIEW_STALE:D4:2;TASK_REVIEW_POLICY_STALE:D4:1
public.rpc_accept_reviewed_legal_bundle	1	A	2a34e57c40e2c0b9e34aa14c35db70d4	1	LEGAL_REVIEW_CHANGED:D4:1
public.rpc_activate_urgent	1	A+S	209115e0b7b033ce70f77383f1bdb3a9	1	NEED_VERSION_MISMATCH:D1:1
public.rpc_admit_account_lineage_service	1	S	040bdd207139a98f31303e3d7ca08456	2	ACCOUNT_LINEAGE_REVISION_CONFLICT:D1:2
public.rpc_apply_profile_avatar	1	A	a52192a532f689af4ba59d6b56e9a792	1	MEDIA_VERSION_CONFLICT:D1:1
public.rpc_authorize_data_export_download	1	A	c17ceee96bc6208c7f6908c67265ca50	1	EXPORT_GENERATION_STALE:D2:1
public.rpc_begin_push_send	1	S	ea801be7205a8b07c7c94e20af3bd90e	1	PUSH_LEASE_STALE:D2:1
public.rpc_cancel_media_upload	1	A	f293793039bd012ba5cba20a7dba3fb2	1	MEDIA_COMMAND_CONFLICT:D3:1
public.rpc_cancel_worker_ai_turn	1	A	4b5a74064a4993c9dee2b37355812b6f	1	WORKER_AI_REQUEST_CONFLICT:D3:1
public.rpc_claim_ai_task_review_evaluation_service	1	S	8c830df4324e6bb36fcc3bf18196df5e	2	TASK_REVIEW_POLICY_STALE:D4:1;TASK_REVIEW_STALE:D4:1
public.rpc_claim_worker_ai_turn_service	1	S	d7265c97e8f6d323ac5f8af73c8094e0	2	WORKER_AI_REQUEST_CONFLICT:D3:2
public.rpc_clear_profile_avatar	1	A	e3ae01e64d5536e6d5fc8cc4ce5fed7e	1	MEDIA_VERSION_CONFLICT:D1:1
public.rpc_close_remaining_search	1	A	1e3e98db30a8260c5896909df94b1506	1	STALE_REVIEW_REQUIRED:D1:1
public.rpc_complete_ai_task_review_evaluation_service	1	S	d8ace4d564121c88e62009b1f908df76	3	TASK_REVIEW_ATTEMPT_STALE:D2:2;TASK_REVIEW_POLICY_STALE:D4:1
public.rpc_complete_data_export	1	S	10b1ca235458068ca11a00834b411f49	3	EXPORT_ATTEMPT_STALE:D2:2;EXPORT_POLICY_CHANGED:D4:1
public.rpc_complete_data_export_cleanup	1	S	11ad5e39c19513a4d707f288b474ed8e	2	EXPORT_ATTEMPT_STALE:D2:2
public.rpc_complete_media_upload_service	1	S	d8d5e301158958e8f6f47075e0367029	1	MEDIA_STORAGE_UNCONFIRMED:D6:1
public.rpc_complete_push_transport	1	S	05d2e7a8833048878d6017069dd60932	1	PUSH_LEASE_STALE:D2:1
public.rpc_complete_worker_ai_turn_service	1	S	bc494881c219522f787e777fe6b9b5b1	2	WORKER_AI_REQUEST_CONFLICT:D3:1;WORKER_AI_TURN_STALE:D2:1
public.rpc_confirm_need_edit	1	A	dfa1a8096380772a9ac60283bebfaf3d	2	STALE_REVIEW_REQUIRED:D1:1;NEED_EDIT_CONFLICT:D5:1
public.rpc_confirm_need_edit_from_review	1	I	2b7ee4951b7fd8ab3646654e45fe71ed	3	STALE_REVIEW_REQUIRED:D1:2;NEED_EDIT_CONFLICT:D5:1
public.rpc_dispatch_media_upload_service	1	S	f988775cbaca8f05409b61941094ad0c	1	MEDIA_ATTEMPT_STALE:D2:1
public.rpc_fail_data_export	1	S	aef391ed216def29ea0dbb43649ed355	1	EXPORT_ATTEMPT_STALE:D2:1
public.rpc_fail_media_upload_service	1	S	f34f36783153e7beeb8cc53461c790de	1	MEDIA_ATTEMPT_STALE:D2:1
public.rpc_patch_worker_ai	1	A	10bd1d3094f84dfcebd8721b8227fe60	1	WORKER_AI_STALE:D1:1
public.rpc_prepare_account_closure	1	A	1a3a1b59d9cc1ccc59d9c7147a924a33	1	CLOSURE_REVISION_CONFLICT:D1:1
public.rpc_prepare_ai_task_review	1	A	61cf7f94032dbdfec2d5294c480a90e8	2	TASK_REVIEW_STALE:D1:1;LOCATION_VERSION_CONFLICT:D1:1
public.rpc_prepare_worker_ai_review	1	A	2260d3f1472e759ba89c74d162030224	1	WORKER_AI_STALE:D1:1
public.rpc_publish_accepted_ai_task_review	1	A	c05ec7de6e9a2c9135610a84868b633e	1	TASK_REVIEW_POLICY_STALE:D4:1
public.rpc_publish_need_canonical	1	A	a270448796b69f0991517f1480d14c28	4	NEED_REVISION_STALE:D1:2;PUBLICATION_DECISION_CONTEXT_STALE:D4:1;NEED_PUBLISH_CONFLICT:D5:1
public.rpc_record_need_publication_decision_service	1	S	4699297e0cd537bc8c9dd3b59e4b64b8	4	PUBLICATION_CONTEXT_STALE:D4:1;PUBLICATION_POLICY_STALE:D4:1;NEED_REVISION_STALE:D1:2
public.rpc_renew_data_export_lease	1	S	8580d91f8fd13e4ba8f872e518c1c4b6	2	EXPORT_ATTEMPT_STALE:D2:1;EXPORT_POLICY_CHANGED:D4:1
public.rpc_resolve_stale_response_after_need_edit	1	A	d37c4f7cc639ed5522c70b5a084c3ea0	2	STALE_REVIEW_REQUIRED:D1:2
public.rpc_rotate_push_device_owned	1	A	395a2925cb5d34242c164861495381ce	2	PUSH_REVISION_CONFLICT:D1:2
public.rpc_save_need_location_review	1	A	4b2ce86f22cf977098205ccf67491396	1	LOCATION_VERSION_CONFLICT:D1:1
public.rpc_save_requester_profile	1	A	c4c0e39b497ffb0753bc68a5931a7f2b	1	REQUESTER_PROFILE_STALE:D1:1
public.rpc_save_worker_ai_review	1	A	67d015b0c79ed9d3eff0cae509a5b62b	2	WORKER_AI_REQUEST_CONFLICT:D3:1;WORKER_AI_STALE:D1:1
public.rpc_save_worker_availability	1	A	1d558d6a7f486b0c4ebf1484c96bc9e6	1	AVAILABILITY_VERSION_CONFLICT:D1:1
public.rpc_save_worker_capacity	1	A	9fd012b74afa2a1abe67e9fdf6873b42	1	WORKER_CAPACITY_VERSION_CONFLICT:D1:1
public.rpc_save_worker_location	1	A	7566cf23f17ed08bbe0e99cbd92f549a	1	LOCATION_VERSION_CONFLICT:D1:1
public.rpc_send_agreement_message_v2	1	A	8020a93751f4915bffff0fac5524ad64	1	MESSAGE_COMMAND_CONFLICT:D3:1
public.rpc_set_account_block	1	A	43b3b050c3ddc21657790f13c424390e	1	BLOCK_REVISION_CONFLICT:D1:1
public.rpc_set_notification_preferences	1	A	34a307e2c38ff341581229f3726af680	3	NOTIFICATION_PREFERENCES_REVISION_CONFLICT:D1:2;NOTIFICATION_PREFERENCES_REVISION_CONFLICT:D5:1
public.rpc_set_push_device	1	I	3b97a22d4066a0287d214a56b10d7188	2	PUSH_REVISION_CONFLICT:D1:2
public.rpc_set_push_device_owned	1	A	d70a7341dc1505495df5d1036b8f0c30	1	PUSH_REVISION_CONFLICT:D1:1
public.rpc_set_retention_hold	1	S	f8703855fdb07fe09c33deeda8f5f42d	2	RETENTION_HOLD_REVISION_STALE:D1:2
public.rpc_settle_media_upload_service	1	S	c8099b03c5af06e4e546847683e2a3bd	3	MEDIA_STORAGE_UNCONFIRMED:D6:3
public.rpc_stage_media_upload_service	1	S	905706aff320af8154f0104b99e1874c	1	MEDIA_ATTEMPT_STALE:D2:1
public.rpc_write_agreement_current_location	1	A	45211908d12fa60ece3c24667cfe062c	1	VERSION_CONFLICT:D1:1
private.agreement_photo_context_v5	2	I	7790c5be70effa702dd106ab6ae8f807	1	MEDIA_VERSION_CONFLICT:D1:1
private.closure_assert_current_v5	2	I	1d4c309243eac92a0e6c573c2a22d258	1	CLOSURE_GENERATION_STALE:D2:1
private.closure_erasure_assert_current_v5	2	I	89e1e49fd724095e3ad139c5922dc1ae	1	CLOSURE_GENERATION_STALE:D2:1
private.support_reference_v5	2	I	cdc5890d7481b454f4eb5b63e5c0d5a8	3	SUPPORT_REFERENCE_STALE:D1:3
public.rpc_agreement_photo_upload_service_v5	2	S	a5a52d56f65a8167cd87ea54b8f74acd	4	MEDIA_COMMAND_CONFLICT:D3:4
public.rpc_claim_account_closure_action_service	2	S	d86db53ca26a122cabfd448afd3685bf	1	CLOSURE_GENERATION_STALE:D2:1
public.rpc_complete_account_closure_action_service	2	S	d2299b1bea39be8adc2fc7e46e4730ef	1	CLOSURE_ATTEMPT_STALE:D2:1
public.rpc_dispatch_account_closure_action_service	2	S	367cdcb53be0276c2c5708ce29e8653b	1	CLOSURE_ATTEMPT_STALE:D2:1
public.rpc_finalize_account_closure_service	2	S	33fc019772e3ebf1e6d3d09c3edf506c	1	CLOSURE_GENERATION_STALE:D2:1
public.rpc_redact_account_closure_step_service	2	S	9174cfb76d81d56bc7d5d7fcbbb0638a	1	CLOSURE_ATTEMPT_STALE:D2:1
public.rpc_send_agreement_photo_message_v5	2	A	31ca4ca0e044d730d1eea7cbef6ada54	1	MEDIA_COMMAND_CONFLICT:D3:1
public.rpc_start_account_closure_execution	2	A	c26b69083508cdaf08fb216845914921	1	CLOSURE_REVISION_CONFLICT:D1:1
public.rpc_support_set_operator_service_v5	2	S	3f66f7b5be882059322de5160d150dc5	2	SUPPORT_GRANT_STALE:D1:2
public.rpc_support_submit_v5	2	A	5c214870743f209f521aa4d67997812d	2	SUPPORT_REVISION_STALE:D1:1;SUPPORT_APPEAL_ALREADY_OPEN:D7:1
