capability,owner_truth,screen,cta,projection,service,gateway,rpc_edge,database,rls_grants,event,notification,other_side,navigation,test,runtime,status,severity,evidence,recommended_action
METRICS,Files Checked,40,SQL+TSX
METRICS,Migrations Checked,30,
METRICS,RPCs Checked,48,
METRICS,RLS Policies,46,
METRICS,Active Screens,11,
METRICS,Donor Capabilities Classified,10,
METRICS,New P1,4,Account Deletion; Cancellation Dispatch; Capability Bypass; Zero Tests
METRICS,New P2,1,Storage Leak
METRICS,Cross-Capability Bugs,3,
