decision	name	full_sha	tip_date	ahead_vs_pin	behind_vs_pin	evidence	pr
ARCHIVE	ai-conversation-poc	cad80b10c8c938b1a2013cb63de87d024b3dfbff	2026-09-11	8	1299	UNQ8	-
ARCHIVE	ai-uskoci-council	9de653595fb9e8a4d23e31ae4320e25b67667b3e	2026-09-11	17	1299	UNQ17 DUP	-
ARCHIVE	automation/ru3-b05-live-reconcile-20260904	fe1a20573b2e6c85120012dfd51ffa7c46834ef3	2026-09-04	1	1912	UNQ1	-
ARCHIVE	automation/ru3-b05-promote-20260904	932b0585959635f952a6d08f2ad8bd90a81e854b	2026-09-04	5	1913	UNQ5	-
ARCHIVE	automation/ru3-b06-live-reconcile-20260904	fd93354bf43b2fbe51dbb8c10113295a0e9c99a3	2026-09-04	4	1910	UNQ4	-
ARCHIVE	automation/ru3-b06-promote-20260904	2a8d9a4823cfaedac7817b7fa32c1ad6e0c78b7b	2026-09-04	1	1911	UNQ1	-
ARCHIVE	chat5-phase2-candidate-20260911	9de653595fb9e8a4d23e31ae4320e25b67667b3e	2026-09-11	17	1299	UNQ17 DUP	-
ARCHIVE	chore/execution-ledger-v20-20260915	6e706e319c273b87bc2bd860bf95c574bff50ae2	2026-09-15	1	1117	UNQ1	-
ARCHIVE	continuity/ru4b-live71-20260905	a4f4f09d5ec44c5c2243dc6306959c0733370ec9	2026-09-05	6	1892	UNQ6	-
ARCHIVE	feat/v2-agreement-changes-20260911	60a3ce68e52cbf461639f392db877d93ba0405c7	2026-09-11	3	1288	UNQ3	-
ARCHIVE	feat/v2-push-foreground-20260911	cba0a2645fdb31d9f19414ca7afe6a6bc93f1e0f	2026-09-11	1	1287	UNQ1	-
ARCHIVE	feat/w02-regional-country-authority-20260910	f1f18343d0658c25d789cc407422af410f198800	2026-09-10	1	1409	UNQ1	#87 closed
ARCHIVE	fix/w00-proof-prefix-continuation-20260908	661e16a944af4e2a02ed7463fdc19b2d4964febd	2026-09-09	1	1463	UNQ1	#81 closed
ARCHIVE	promotion/ru4b-foundation-20260905	795f3251942c49a4f43c36490ddecc17d6a98b67	2026-09-05	3	1893	UNQ3	-
ARCHIVE	proof/android-visual-proof-20260905	f22b6ed424073e5fd2fd05a543bcf75aa26d445f	2026-09-05	10	1895	UNQ10	-
ARCHIVE	proof/p0d02-live-transport-diagnostic-20260906	36bec21c1df86ed465e78404621035f60a80d2e6	2026-09-06	1	1707	UNQ1	-
ARCHIVE	proof/pre-v3-pr101-exact-baseline-20260911	85a42facf0ae48a19975a8b56dc277ae34b48430	2026-09-11	3	1280	UNQ3	-
ARCHIVE	proof/ru0-disposable-ci-20260903	6496065940dea7310152cdae23d3766a617398e7	2026-09-03	4	2009	UNQ4	-
ARCHIVE	proof/ru1-disposable-ci-20260903	1d62a6195df9a288ca92cdf358a10a445d3a1f52	2026-09-03	8	2006	UNQ8	-
ARCHIVE	proof/ru2-promotion-integrity-20260904	239d421ece8172f92a407271f54310cf34a1e07f	2026-09-04	1	1923	UNQ1	-
ARCHIVE	proof/ru2-promotion-integrity-20260904b	16dc09fca73320306b72e10132fb65a16255deb8	2026-09-04	1	1921	UNQ1	-
ARCHIVE	proof/ru3-admission-infra-20260904	b7d57b510f5c5f32e85b82e4afec9295d270f2fa	2026-09-04	11	1913	UNQ11	-
ARCHIVE	proof/ru3-b05-policy-bundle-20260904	edd8525e2c6f58077a7cb0f3b814a2e3d1130405	2026-09-04	1	1913	UNQ1	-
ARCHIVE	proof/ru3-b06-decision-20260904	082d4d3be590ed2538b979056e1e4f142cc1b0bd	2026-09-04	3	1911	UNQ3	-
ARCHIVE	proof/ru3-b07-canonical-publish-20260904	7351198577685641ab9a7c08cb753a1094c41ea1	2026-09-04	16	1909	UNQ16	-
ARCHIVE	proof/ru3-d0140-rs-publication-v1-20260904	363354ee1e50c62b77f67ece3e6acd9f4e46de22	2026-09-04	8	1909	UNQ6	-
ARCHIVE	proof/ru4-clean-ai-isolation-final-20260905	3e215c6c6d2086c1e82771dd6992b35934448c84	2026-09-05	1	1894	UNQ1	-
ARCHIVE	proof/ru4-clean-promotion-20260905	34ec17285c5cdbc026aa669777bbbbde54711b4c	2026-09-05	3	1894	UNQ3	-
ARCHIVE	proof/ru4-live-transfer-reconcile-20260905	73e2118b8d7524ba53d9a39355a6fbae44660e86	2026-09-05	2	1894	UNQ2	-
ARCHIVE	proof/ru4-material-revision-20260904	d5e2cdae7e01192566ba2f62ecf633e5b6479809	2026-09-04	15	1899	UNQ15	-
ARCHIVE	proof/ru4-owner-edit-lock-20260904	eeb8a29036cdcbd9ee008ae789334e55c9cbfbea	2026-09-05	34	1895	UNQ34	-
ARCHIVE	proof/ru4-promotion-metadata-20260905	0ac95167c78c8b0ea1f4d0213febc24433c52b37	2026-09-05	35	1895	UNQ35	-
ARCHIVE	proof/ru4b-public-preselection-qa-20260905	bb3677d8fbb2775ade2d02195769954366fb4e33	2026-09-05	10	1893	UNQ10	-
ARCHIVE	proof/ru5-application-integrity-20260905	7b4bebb71eab53139e10a76727bdcfabf5a9206d	2026-09-05	4	1849	UNQ4	-
ARCHIVE	proof/ru5-continuity-generator-20260907	36de48ed7cca3ded1f7c30e239ff473e3658b64d	2026-09-07	1	1624	UNQ1	-
ARCHIVE	proof/ru5-readonly-source-snapshot-20260907	dc6b580e7488f6efe70b0e6b4686410729417a52	2026-09-07	1	1625	UNQ1	-
ARCHIVE	proof/ru5-source-readonly-export-20260906	c48f96b2828586db6b34d9cc250674555f8e3e34	2026-09-06	1	1630	UNQ1	-
ARCHIVE	tmp/ru2-md5-20260903	85f43ea010ecc485d8b7ae33d409381f9f17106a	2026-09-03	1	1929	UNQ1	-
ARCHIVE	work/owner-completion-runner-20260911	30080d921e0d022e6e55a5136b8fc5c0d0b1b3e2	2026-09-11	3	1285	UNQ3	-
ARCHIVE	work/pre-v3-exact-verifier-20260911	745996bf4cfc688c9057e9b4e1df79a2e556c515	2026-09-12	34	1280	UNQ34	-
ARCHIVE	work/pre-v3-proof-runner-20260911	a3e3c932b4294dd2633c1b3aac9484a911c5a992	2026-09-13	122	1280	UNQ122	-
ARCHIVE	work/ru4-clean-promotion-build-20260905	99bb6f7fc4c8099710c8e61209aa62e3d7051152	2026-09-04	2	1895	UNQ2	-
ARCHIVE	work/ru4-live-continuity-reconcile-20260905	a225734d35892c18685097c44bea2b3150c504e3	2026-09-05	1	1894	UNQ1	-
ARCHIVE	work/ru4-live-continuity-reconcile-v2-20260905	bd0d03b37068e3584511498b1d284e211fdf5beb	2026-09-05	4	1894	UNQ3	-
DELETE	chore/w00-pending-proof-hardening-20260909	a353a421ec715c9d89139059f44199b40f7062dd	2026-09-09	6	1440	PR#82(m) UNQ6	#82 merged
DELETE	closure/ru5-p0c02-live-20260905	9d46993fbfb6fe20eb9316f19890139366476f0a	2026-09-05	0	1808	ANC PR#19(m)	#19 merged
DELETE	closure/ru5-p0c03-live-20260905	d8f979ded813cb3157d279a70d21298676e4daaa	2026-09-05	0	1779	ANC PR#21(m)	#21 merged
DELETE	closure/ru5-selection-eligibility-final-status-20260906	516bebebb0762b63545e02b9617357a4b7e82389	2026-09-06	0	1726	ANC PR#25(m)	#25 merged
DELETE	closure/ru5-selection-eligibility-live-20260906	3a37f316f1b02910bc8c995ce411cf0c9b56b9b5	2026-09-06	0	1731	ANC PR#24(m)	#24 merged
DELETE	docs/ai-live87-provenance-20260907	07251f29fd3f0d87b7822a0f7c930862da4e5479	2026-09-07	0	1539	ANC PR#63(m)	#63 merged
DELETE	docs/checkpoint-label-fix-20260906	97ba400589c3e9a81aaa03efc634beb54ab2d90f	2026-09-06	0	1665	ANC PR#31(m)	#31 merged
DELETE	docs/continuity-reconcile-20260904	e17591f8e54f60ec9cc391864be295d5c30106d4	2026-09-04	0	1901	ANC	-
DELETE	docs/d03-live86-20260907	1f6db1e9d8f3a15aedc8c96b91af63d899339861	2026-09-07	0	1553	ANC PR#60(m)	#60 merged
DELETE	docs/n07-live84-20260907	58eb2f91b15c2c9b285dc8371a7bd79adb00c9d0	2026-09-07	0	1598	ANC PR#50(m)	#50 merged
DELETE	docs/n08-live85-20260907	42cf1b6d0c96e7e6418ec4a5f98f0de9fb772481	2026-09-07	0	1580	ANC PR#54(m)	#54 merged
DELETE	docs/notifications-closure-state-20260907	899b545fce97844de0d69fded32547b749bd678a	2026-09-07	0	1603	ANC PR#47(m)	#47 merged
DELETE	docs/notifications-n02-n03-continuity-20260907	f8a6dcb8038c24736e4461aa4361383f3e05eb8b	2026-09-07	0	1615	ANC PR#42(m)	#42 merged
DELETE	docs/p0d02-selection-semantic-idempotency-live-closure-20260906	4fcc95f6460adaced20e29370cdd3b0015babaa5	2026-09-06	0	1705	ANC PR#27(m)	#27 merged
DELETE	docs/p0d03-postmerge-status-normalization-20260906	cc658041fece3a967379c1506ee6b9e801308e4c	2026-09-06	0	1668	ANC PR#30(m)	#30 merged
DELETE	docs/p0d03-requester-connection-live-closure-20260906	364e4cffb8abb1526ddd027dbe7c3ee4b7393df9	2026-09-06	0	1673	ANC PR#29(m)	#29 merged
DELETE	docs/ru3-b07-live-reconcile-20260904	93935a247248ff7153d14f8633714fe95b227cfd	2026-09-04	2	1900	PR#3(m) UNQ2	#3 merged
DELETE	docs/ru5-fastest-autofill-live-closure-20260906	b9965b0818b17a07301058f1cfde718a6f10a9b6	2026-09-06	6	1649	PR#33(m) UNQ6	#33 merged
DELETE	docs/ru5-two-account-proof-closure-20260906	1c04110ac95cadcb64c4872451e693318189ddd1	2026-09-06	6	1646	PR#36(m) UNQ6	#36 merged
DELETE	docs/safe-handoff-20260911	146daf020dfdd0d5eab104e3c858f9ca78b95fef	2026-09-11	0	1286	ANC	-
DELETE	docs/uskoci-confirmed-three-zone-navigation	4dd2387a02f3cd24d88820eefb0490d4a610e0da	2026-09-08	0	1503	ANC PR#71(m)	#71 merged
DELETE	feat/batch-execution-ci-20260910	1daf690d126d94ce3b61c6add693e04cab74507a	2026-09-10	0	1406	ANC PR#88(m)	#88 merged
DELETE	feat/cb1-qa-need-lifecycle-binding-20260908	9e4c65778855e638f6eb3622ed6770fa0ab70220	2026-09-08	0	1500	ANC PR#78(m)	#78 merged
DELETE	feat/d0140a-policy-bundle-registration-20260908	73f992c3f6d7dbc7398899517062f73c554ac1d6	2026-09-09	0	1442	ANC PR#79(m)	#79 merged
DELETE	feat/expo-push-transport-20260910	75348db7781f58a013570a6e46f8ceaa98f8ab64	2026-09-11	0	1300	ANC PR#97(m)	#97 merged
DELETE	feat/figma-entry-20260907	331ce82ab34844db7cfdad1908aa235eba5a498b	2026-09-08	0	1506	ANC PR#66(m)	#66 merged
DELETE	feat/p1-legal-consent-20260908	0bc15acafccc093a024cc4f9a9447c770db5a05a	2026-09-08	0	1483	ANC PR#74(m)	#74 merged
DELETE	feat/p2-data-export-20260908	df79d5ac7a5d7bf9ce0e51752ed2fe7aaed329a7	2026-09-09	20	1441	PR#77(m) UNQ16	#77 merged
DELETE	feat/p2-export-delivery-20260910	314189d36ef92727009f6d051644e5b249b4fa7b	2026-09-10	0	1390	ANC PR#92(m)	#92 merged
DELETE	feat/p3-retention-execution-20260910	8400345602168eb8bba52689fc20d76f6643ac0d	2026-09-10	0	1387	ANC PR#93(m)	#93 merged
DELETE	feat/p3-retention-schedule-20260908	03053ae5a0eda445c1f2e72911a4b2c37faa6223	2026-09-08	0	1467	ANC PR#76(m)	#76 merged
DELETE	feat/p4-processor-map-20260908	4de9f423c3169714ab906115f00dc580afbfc5f9	2026-09-08	0	1474	ANC PR#75(m)	#75 merged
DELETE	feat/v2-native-journey-closure-20260911	58e842e883db71f9118efc474c5011f3b261824c	2026-09-11	0	1287	ANC PR#99(m)	#99 merged
DELETE	feat/w00-w01-account-recovery-20260908	b75477bfe4bce88f851dfabe96c53015442e6fa4	2026-09-08	0	1452	ANC PR#80(m)	#80 merged
DELETE	feat/w02-availability-20260909	0a002547a9c88134b1b042d05316fd7a5e9c3ecb	2026-09-09	0	1417	ANC PR#84(m)	#84 merged
DELETE	feat/w02-calendar-authority-20260909	5a33a02c10ace82c63d7d2cc58a7c1ad3f34bcbe	2026-09-09	0	1421	ANC PR#83(m)	#83 merged
DELETE	feat/w02-location-native-completion-20260910	e44cdf33c54624a034883e9ad40ff50f3b6b9082	2026-09-10	0	1401	ANC PR#89(m)	#89 merged
DELETE	feat/w02-location-shared-20260909	ff82226b5293ddf30f47a67fe3e587cbb5fe67fd	2026-09-09	0	1413	ANC PR#85(m)	#85 merged
DELETE	feat/w02-resolved-location-20260910	f2388d76709eb314a901721a203a6fac46c22fc6	2026-09-10	0	1398	ANC PR#90(m)	#90 merged
DELETE	feat/w02-shared-capability-validation-20260910	22803b5e5ea1d4f2d926c571f8c4271e9cc8ca34	2026-09-10	0	1410	ANC PR#86(m)	#86 merged
DELETE	feat/w05-publication-admission-20260910	3b50eaaa64ec630a4812e862ea759993cf43f41d	2026-09-10	0	1394	ANC PR#91(m)	#91 merged
DELETE	fix/action-pins-20260907	698063bce70e26262ce893a375309cc39bc1bce7	2026-09-07	0	1601	ANC PR#48(m)	#48 merged
DELETE	fix/ai-draft-authority-20260907	f5b955011636496bde134b792f6cc1c94253cb24	2026-09-07	0	1547	ANC PR#57(m)	#57 merged
DELETE	fix/ai-provider-selector-20260907	49fe98ade0ceb9a0bab53e3c6b7087fb6bb48b88	2026-09-07	0	1539	ANC PR#62(m)	#62 merged
DELETE	fix/ai-server-context-20260907	655973d83d43ac4eeb49f94035e4188e00f1901f	2026-09-07	0	1541	ANC PR#58(m)	#58 merged
DELETE	fix/d03-chat-recovery-20260907	d521c6b0814e789ff0bc02dc7e3deba23ff861bb	2026-09-07	0	1524	ANC PR#61(m)	#61 merged
DELETE	fix/d03-message-retry-20260907	eb28d612ef6ff836911eeaa17d4501fcea4d7268	2026-09-07	0	1561	ANC PR#55(m)	#55 merged
DELETE	fix/dependency-security-20260907	7c208d53682d5c212d90059469f1fa262c1fdf0d	2026-09-07	0	1599	ANC PR#51(m)	#51 merged
DELETE	fix/existing-eas-identity-20260907	98061d17ab9387b4b69705657180c002be17953c	2026-09-07	0	1555	ANC PR#56(m)	#56 merged
DELETE	fix/intent-shell-20260907	1133a889f58cdabe57c85c57a2a7f6628df05f10	2026-09-07	0	1568	ANC PR#49(m)	#49 merged
DELETE	fix/n08-notification-preferences-20260907	8777c14961f2ad30a9ebf2c5333b79b6f26bbe36	2026-09-07	0	1583	ANC PR#53(m)	#53 merged
DELETE	fix/p0e-completion-guards-20260908	6cde7b4391673a243a163c482eacfa288afbd278	2026-09-08	0	1497	ANC PR#72(m)	#72 merged
DELETE	fix/r04-need-edit-route-20260908	4ac53fcf8a64ec679f9fcc23626e79a736b86eb8	2026-09-08	0	1501	ANC PR#73(m)	#73 merged
DELETE	fix/task-detail-recovery-20260907	35cfabe4bb990f3d90ab56bcdf6e7f048ed3b519	2026-09-07	0	1513	ANC PR#64(m)	#64 merged
DELETE	fix/url-decoder-security-20260907	6e5af6bfe8ddc571d5f7c6e9bb954c570dc5aa62	2026-09-07	0	1594	ANC PR#52(m)	#52 merged
DELETE	fix/windows-metro-cache-20260907	7d8cbc6129d4818fbbf5d392ac2fb6a787a5a1f8	2026-09-07	0	1535	ANC PR#65(m)	#65 merged
DELETE	promote/ru3-b07-canonical-publish-20260904	00b7f14bff79b41eda29e73715a3d01bdb8c5d52	2026-09-04	6	1901	PR#2(m) UNQ6	#2 merged
DELETE	promotion/ru1-worker-readiness-20260903	e99876189ba4625e00a887ee7771da8d3b7ec1c1	2026-09-03	0	1992	ANC	-
DELETE	promotion/ru3-b05-live-reconcile-20260904	ee0a089bec9141c3fd5d9c2bc2314b7245e69c46	2026-09-04	0	1911	ANC	-
DELETE	promotion/ru3-b05-policy-bundle-20260904	ac70e1e66375a9e1be602808a3d4d3a2735f1b3b	2026-09-04	0	1912	ANC DUP	-
DELETE	promotion/ru3-b06-decision-20260904	4d735390e32c530a323b24dad95ddaa0422bd493	2026-09-04	0	1910	ANC	-
DELETE	promotion/ru4-owner-edit-lock-20260905	a271d6084b4648e757d2230d0a208f558c802a14	2026-09-05	0	1894	ANC DUP	-
DELETE	proof/client-data-agreement-mutations-20260905	de8d4af7f7fbe4c1cda1e02911ec0fe2436fab94	2026-09-05	8	1886	PR#5(m) UNQ8	#5 merged
DELETE	proof/client-data-agreement-read-20260905	0b84c3b4f792fe228d263762df9514cc277afa34	2026-09-05	11	1891	PR#4(m) UNQ11	#4 merged
DELETE	proof/client-data-ai-command-shadow-20260905	e85017b31c9f798829e00239242c4ed1ffb1e86c	2026-09-05	5	1849	PR#13(m) UNQ5	#13 merged
DELETE	proof/client-data-ai-conversation-shadow-20260905	53441d831e4035fb1bf86756e1887b1443a1a6fe	2026-09-05	4	1843	PR#14(m) UNQ4	#14 merged
DELETE	proof/client-data-ai-publish-shadow-20260905	2d57f41259d0da5f832ee25db6bc99ab2c63e9ba	2026-09-05	8	1842	PR#15(m) UNQ8	#15 merged
DELETE	proof/client-data-completion-mark-20260905	43e7c95c790423a21876bd5bbff9de65dfb74c6f	2026-09-05	6	1861	PR#10(m) UNQ6	#10 merged
DELETE	proof/client-data-exact-location-20260905	f940ffb55c8ebc7316fe74e1963c2d9dd1586bfc	2026-09-05	6	1856	PR#11(m) UNQ6	#11 merged
DELETE	proof/client-data-need-reads-20260905	0aeed66de8cb7b16b0a527fbf3ccad56ac985383	2026-09-05	8	1881	PR#6(m) UNQ8	#6 merged
DELETE	proof/client-data-phone-grants-20260905	f95631d4d45f803efc70e098f922238d13b42fb4	2026-09-05	6	1871	PR#8(m) UNQ6	#8 merged
DELETE	proof/client-data-problem-report-20260905	9952ab02d8b53d244e2501b4b7f1de6d41098bd2	2026-09-05	6	1866	PR#9(m) UNQ6	#9 merged
DELETE	proof/client-data-response-viewed-20260905	ecf7e7709c05d41481a9cc674a2b58042fedf1fa	2026-09-05	6	1876	PR#7(m) UNQ6	#7 merged
DELETE	proof/client-data-worker-profile-20260905	ca941c4e9a6c7bb4885fb99d56860dbcbe03ea20	2026-09-05	7	1854	PR#12(m) UNQ7	#12 merged
DELETE	proof/notifications-n01-message-events-20260907	96b39ec67f046a8611f2e3a1c432daab20de79bb	2026-09-07	0	1621	ANC PR#39(m)	#39 merged
DELETE	proof/notifications-n02-selection-event-20260907	3022ffb538205e3ea1e01110006ae09854c30c87	2026-09-07	0	1619	ANC PR#40(m)	#40 merged
DELETE	proof/notifications-n03-inbox-20260907	c7aae94988c78058903d06393d2e5a3f380a6c7b	2026-09-07	0	1619	ANC PR#41(m)	#41 merged
DELETE	proof/notifications-n04-inbox-mobile-20260907	576e56b6f4da1db509f4a269962654ff928a1e3f	2026-09-07	0	1615	ANC PR#45(m)	#45 merged
DELETE	proof/notifications-n05-agreement-change-20260907	3a0b90a1199c6556cf70f7b3e732215b25129efe	2026-09-07	0	1614	ANC PR#43(m)	#43 merged
DELETE	proof/notifications-n06-push-registry-20260907	fabd58075b3a4dcc6165e6f4d606ce9e89ad5046	2026-09-07	0	1613	ANC PR#44(m)	#44 merged
DELETE	proof/notifications-n07-forward-promotions-20260907	8a6075bbdc6594161ffe1b8a91327db80d092aa5	2026-09-07	0	1605	ANC PR#46(m)	#46 merged
DELETE	proof/p0d02-selection-semantic-idempotency-20260906	c3ada4219b9c8427be0c7b35bc36afa30b4302cc	2026-09-06	0	1708	ANC PR#26(m)	#26 merged
DELETE	proof/p0d03-requester-connection-activation-v1-20260906	01b514289091ad9c9ced7d1d5ed4598eaa2994c5	2026-09-06	0	1684	ANC PR#28(m)	#28 merged
DELETE	proof/ru2-need-v2-r07-20260903	d7eb80b3403e5549a78cec18b1c8c87f42d9cf99	2026-09-03	0	1929	ANC DUP	-
DELETE	proof/ru4-clean-ai-final-20260905	a271d6084b4648e757d2230d0a208f558c802a14	2026-09-05	0	1894	ANC DUP	-
DELETE	proof/ru4-clean-ai-isolation-20260905	a271d6084b4648e757d2230d0a208f558c802a14	2026-09-05	0	1894	ANC DUP	-
DELETE	proof/ru4-clean-ai-isolation-20260905-rerun	a271d6084b4648e757d2230d0a208f558c802a14	2026-09-05	0	1894	ANC DUP	-
DELETE	proof/ru5-fastest-autofill-retirement-20260906	e7b5ce501c2b9708bd176075ab4b41575edf0832	2026-09-06	0	1656	ANC	-
DELETE	proof/ru5-p0c01-public-profile-20260905	484106785b2d76d405a0c1f68ef9a06109bb3839	2026-09-05	25	1836	PR#16(m) UNQ25	#16 merged
DELETE	proof/ru5-p0c02-atomic-application-20260905	2d6b1a64d9760bddcca1e4751945fdccc8a5e6ba	2026-09-05	0	1815	ANC PR#18(m)	#18 merged
DELETE	proof/ru5-p0c02-atomic-application-20260905-tempcheck	b815e5bfb1fc3731e57edd581d3dbfd12e7f0ad5	2026-09-05	0	1828	ANC	-
DELETE	proof/ru5-p0c03-my-applications-20260905	bffc533996a7f629846eaf51de231320df41e09b	2026-09-05	0	1788	ANC PR#20(m)	#20 merged
DELETE	proof/ru5-p0d01-candidate-projection-20260905	bc4dacbd853ca506845e8bf0253b91cd55f6629a	2026-09-05	0	1761	ANC PR#22(m)	#22 merged
DELETE	proof/ru5-physical-continuity-20260907	fe092b6837da7e6070d45558cb5873382acd829f	2026-09-07	0	1623	ANC PR#38(m)	#38 merged
DELETE	proof/ru5-physical-device-ui-journey-20260906	65443681732fe6b290a8216d72d045a1c1b2f840	2026-09-07	0	1625	ANC PR#37(m)	#37 merged
DELETE	proof/ru5-selection-eligibility-revalidation-20260906	d71c6e08b518e2955020c21538c1238358b14df3	2026-09-06	0	1744	ANC PR#23(m)	#23 merged
DELETE	proof/ru5-two-account-auth-journey-20260906	bedca53d2d0bff336a2ea912b3489f4fbf5402aa	2026-09-06	5	1647	PR#35(m) UNQ5	#35 merged
DELETE	reconcile-live-migration-20260831120157	5d859174e4c9880ef41b608a72b355a6e146d4a3	2026-08-31	0	2103	ANC PR#1(m)	#1 merged
DELETE	repair/ru5-fastest-autofill-retirement-20260906	500ba0c8f138dfee39268ac51fdf3b9f3b7e18b4	2026-09-06	0	1650	ANC PR#32(m)	#32 merged
DELETE	ru5/w03-w04-route-closure-20260906	4ff28bfc8394da80fad4b8853958a60903f4262e	2026-09-06	1	1648	PR#34(m) CHP	#34 merged
DELETE	stage/ru2-canonical-promotion-20260903	47ce475030cc1ab5908f014d6d7398a0e2cb7754	2026-09-04	0	1921	ANC	-
DELETE	stage/ru2-live-closure-20260904	60afa008e5608a4479b06817eb7f78ecb7f4b015	2026-09-04	0	1913	ANC	-
DELETE	tmp-ru0-tracking-closure-20260903	1c14e9ba79e3fa25f302be8400a37d16ef946d69	2026-09-03	0	2007	ANC DUP	-
DELETE	tmp-ru0-tracking-closure-20260903b	1c14e9ba79e3fa25f302be8400a37d16ef946d69	2026-09-03	0	2007	ANC DUP	-
DELETE	tmp-ru0-tracking-closure-20260903c	1c14e9ba79e3fa25f302be8400a37d16ef946d69	2026-09-03	0	2007	ANC DUP	-
DELETE	tmp-unused-do-not-use	9e7415ca4557aa4ed5ddc6fb14708f80c7d620cb	2026-09-03	0	1958	ANC	-
DELETE	tracking/ru3-b05-live-reconcile-20260904	ac70e1e66375a9e1be602808a3d4d3a2735f1b3b	2026-09-04	0	1912	ANC DUP	-
DELETE	tracking/ru3-b06-live-20260904	7d2ad4ad774eab29acafc0deac623744a691628d	2026-09-04	0	1909	ANC	-
DELETE	work/legal-privacy-retention-scopes-20260927	a047bc0e38c0a3ab5130736906ebbc2f0fa6e661	2026-09-21	1	773	UNQ1+ DUP	-
DELETE	work/pkg002-strict-boundaries-20260915	7f823ea48b27cc004442e56405d3f35c1b168b07	2026-09-15	0	1132	ANC PR#103(m)	#103 merged
DELETE	work/pkg002-ts-fix-20260915	690bece2a1a37837b51f512038e32b04fd8d4f4b	2026-09-15	0	1130	ANC PR#104(m)	#104 merged
DELETE	work/pre-v3-engine-closure-20260911	94bda947c68b981972c53d4372a7e4bc8549b542	2026-09-11	0	1270	ANC	-
DELETE	work/pre-v3-engine-integration-20260911	019eb5269d5d56209923c816e3f1482c913dfe25	2026-09-23	0	462	ANC PR#102(!m)	#102 merged
DELETE	work/pre-v3-proof-repair-20260911	e5579800a066247a2e235883371be98bda5ed3d9	2026-09-11	1	1280	CHP	-
DELETE	work/ru2-edge-rn-20260903	d7eb80b3403e5549a78cec18b1c8c87f42d9cf99	2026-09-03	0	1929	ANC DUP	-
DELETE	work/uskoci-r6-dodaci-20260924	edf196974fa099f7717dd2820611d1828eb83916	2026-09-24	4	391	CHP	-
DELETE	work/uskoci-r6-objava-20260924	1ebebe87f380625ec06c820b92fe8c3b5781b5c7	2026-09-24	4	391	CHP	-
DELETE	work/uskoci-r6-prijava-20260924	47ca91f80b9e29eeb8858ef00d4e34039a2cd4c7	2026-09-24	3	391	CHP	-
DELETE	work/uskoci-ui-unification-20260924-poazkl	b3cd5771414ddb6b477de48bb32c26b7221f30c3	2026-09-24	0	373	ANC	-
KEEP	clean-alpha-backend	a047bc0e38c0a3ab5130736906ebbc2f0fa6e661	2026-09-21	1	773	UNQ1+ DUP	-
KEEP	feat/owner-completion-20260911	df167547c469f5b4cb5679058526b697dae8ba48	2026-09-11	0	1284	ANC PR#100(m)	#100 merged
KEEP	feat/w03-ai-owned-intake-20260910	6a0c784f72987d2ee1d959026f16fa94e6211e1a	2026-09-10	0	1377	ANC PR#94(m)	#94 merged
KEEP	repair/ru0-ru1-backend-20260902	d19902a330930073df1376134ec4f8428a57e9e4	2026-09-02	2	2011	UNQ2	-
KEEP	tmp/cutover-apk	9d418db68f805bfb2d17c1c980df8984f14f085c	2026-09-30	1	14	UNQ1	-
KEEP	tmp/cutover-apk2	fdedabdb93b05447e775e98a0f4dc29f544a3857	2026-09-30	1	1	UNQ1	-
KEEP	wip/r6fix-izmene	6976f9605d9126ee0e20d94036c8bef46ee6e177	2026-09-25	1	367	UNQ1	-
KEEP	work/html-home-native-20260920	131c851f0c76854305ad397c26bd57aea4d1fa4a	2026-09-20	0	782	ANC PR#105(m)	#105 merged
KEEP	work/legal-privacy-ai-context-minimization-20260927	d18e830a428f06de181674b622c05273c6e5efab	2026-09-27	12	773	UNQ11	#108 open
KEEP	work/legal-privacy-processor-inventory-truth-20260927	1ab01e781c86d0f96f0d24de5607c2fa62d0d9e6	2026-09-27	4	773	UNQ3	#109 open
KEEP	work/uskoci-ui-unification-20260924	c184bdd6013b7477fd3e2566ac39152c6f544748	2026-09-30	2	0	UNQ2	-
REVIEW	build/combined-20260920	2fb0172ea4f8dca5d6014e9a14a94e511116a9af	2026-09-20	2	806	CHP	-
REVIEW	feat/locationiq-reverse-20260910	4dabe6bf23d6007168d31f925a1a6d1a8745b622	2026-09-10	0	1378	ANC	#95 open
REVIEW	feat/public-task-material-20260907	da7ce1d5efe88c2f5022f813f84de52e436566cc	2026-09-08	11	1505	UNQ7	#68 open
REVIEW	feat/shared-exploration-ui-20260907	37a8ec98b31c4c8d81e7c30808581cd6cdcccc1a	2026-09-08	9	1505	UNQ6	#67 open
REVIEW	feat/v2-agreement-messages-20260910	1ec86c6711d868ba031258c2fe9c693140ba4a8d	2026-09-10	0	1350	ANC	#96 open
REVIEW	feat/v2-signature-entry-auth-20260910	aabe29aa26d2c5fcdcfc0edf03150ef6be09da37	2026-09-10	0	1341	ANC	#98 open
REVIEW	fix/ai-vertical-recovery-20260907	663b69bc9a007f29abd89ce2f2f8b9281e046bdf	2026-09-07	6	1536	UNQ2	#59 open
REVIEW	fix/svg-web-accessibility-20260908	c07dad963f2d1b8e5c07973df5bba9f99aa8bda3	2026-09-08	1	1505	UNQ1	#69 open
REVIEW	proof/ru5-c01-public-profile-20260905	4b2d3057f9c0cf2cbbd93a70468fb35123bc11a0	2026-09-05	13	1836	UNQ13	#17 open
REVIEW	test/mass-user-chaos-harness-20260916	6a35296b53c6bcfa2f6f6b7112a4bad05df2ee16	2026-09-17	28	1004	UNQ28	-
REVIEW	work/ai-reservation-unblock-20260920	88af02e854a660653fdc2aab649e41ae1a51aee8	2026-09-20	9	815	UNQ9	#106 open
REVIEW	work/pre-html-stabilization-20260911	1138d4f727735519b15d9b834bf261954e8013fe	2026-09-11	0	1280	ANC	#101 open
REVIEW	work/ui-unification-20260923	42f69cf2337f45ff395349b9ebeb9b2f6d939d8e	2026-09-24	44	773	UNQ43	#107 open
