schema	name	security_definer	execute(P=PUBLIC,A=anon,U=authenticated,S=service_role)	search_path_set	trigger_fn	called_by_functions	rls_policy_refs	trigger_uses	src_prod_files_naming_it	live_client_callers(route-reachable)	edge_files_naming_it	src_test_files_naming_it	proofs_tools_candidates_files	migration_files	certified_closure	decision	reason
private	account_closure_document	1	-	1	0	2	0	0	0	0	0	0	2	1		KEEP	Called by 2 other function(s) (internal building block or wrapper target).
private	account_closure_preparation	1	-	1	0	1	0	0	0	0	0	0	4	1		KEEP	Called by 1 other function(s) (internal building block or wrapper target).
private	account_is_non_production	1	-	1	0	1	0	0	0	0	0	0	6	0		KEEP	Called by 1 other function(s) (internal building block or wrapper target).
private	account_lineage	1	-	1	0	2	0	0	0	0	0	0	9	0		KEEP	Called by 2 other function(s) (internal building block or wrapper target).
private	account_lineage_events_append_only	0	-	1	1	0	0	1	0	0	0	0	7	0		KEEP	Trigger function (used by 1 trigger(s)).
private	account_reputation	1	-	1	0	2	0	0	0	0	0	0	2	1		KEEP	Called by 2 other function(s) (internal building block or wrapper target).
private	account_visibility_world	1	-	1	0	1	0	0	0	0	0	0	9	0		KEEP	Called by 1 other function(s) (internal building block or wrapper target).
private	accounts_same_world	1	-	1	0	7	0	0	0	0	0	0	15	0		KEEP	Called by 7 other function(s) (internal building block or wrapper target).
private	after_need_revision	1	-	1	1	0	0	1	0	0	0	0	3	3		KEEP	Trigger function (used by 1 trigger(s)).
private	agreement_action_state	1	-	1	0	1	0	0	0	0	0	0	6	1		KEEP	Called by 1 other function(s) (internal building block or wrapper target).
private	agreement_calendar_interval	1	-	1	0	3	0	0	0	0	0	0	3	2		KEEP	Called by 3 other function(s) (internal building block or wrapper target).
private	agreement_invalidation_cleanup_v1	1	-	1	1	2	0	1	0	0	0	0	5	0	Y	KEEP	In the certified closure source digest (76 functions): never change or drop without recertification.
private	agreement_invalidation_surface_v1	1	-	1	0	1	0	0	0	0	0	0	5	0	Y	KEEP	In the certified closure source digest (76 functions): never change or drop without recertification.
private	agreement_location_receipt	0	-	1	0	2	0	0	0	0	0	0	2	1		KEEP	Called by 2 other function(s) (internal building block or wrapper target).
private	agreement_message_invalidate_v1	1	-	1	1	2	0	1	0	0	0	0	7	0	Y	KEEP	In the certified closure source digest (76 functions): never change or drop without recertification.
private	agreement_photo_asset_guard_v5	1	-	1	1	2	0	1	0	0	0	0	2	1	Y	KEEP	In the certified closure source digest (76 functions): never change or drop without recertification.
private	agreement_photo_context_v5	1	-	1	0	10	0	0	0	0	0	0	6	1	Y	KEEP	In the certified closure source digest (76 functions): never change or drop without recertification.
private	agreement_photo_document_v5	0	-	1	0	4	0	0	0	0	0	0	2	1	Y	KEEP	In the certified closure source digest (76 functions): never change or drop without recertification.
private	agreement_photo_key_v5	0	-	1	0	5	0	0	0	0	0	0	2	1	Y	KEEP	In the certified closure source digest (76 functions): never change or drop without recertification.
private	agreement_photo_link_guard_v5	1	-	1	1	2	0	1	0	0	0	0	2	1	Y	KEEP	In the certified closure source digest (76 functions): never change or drop without recertification.
private	agreement_photo_message_guard_v5	1	-	1	1	2	0	1	0	0	0	0	2	1	Y	KEEP	In the certified closure source digest (76 functions): never change or drop without recertification.
private	agreement_photo_storage_guard_v5	1	-	1	1	2	0	1	0	0	0	0	3	2	Y	KEEP	In the certified closure source digest (76 functions): never change or drop without recertification.
private	agreement_photo_transfer_v5	0	-	1	0	3	0	0	0	0	0	0	2	1	Y	KEEP	In the certified closure source digest (76 functions): never change or drop without recertification.
private	ai_need_turn_context	1	-	1	0	3	0	0	0	0	0	0	4	5		KEEP	Called by 3 other function(s) (internal building block or wrapper target).
private	ai_need_turn_status	1	-	1	0	5	0	0	0	0	0	0	2	3		KEEP	Called by 5 other function(s) (internal building block or wrapper target).
private	ai_task_review_command_document	1	-	1	0	4	0	0	0	0	0	0	2	1		KEEP	Called by 4 other function(s) (internal building block or wrapper target).
private	ai_task_review_immutable	0	-	1	1	0	0	2	0	0	0	0	2	2		KEEP	Trigger function (used by 2 trigger(s)).
private	ai_task_review_policy	1	-	1	0	5	0	0	0	0	0	0	3	2		KEEP	Called by 5 other function(s) (internal building block or wrapper target).
private	ai_task_review_source	1	-	1	0	2	0	0	0	0	0	0	2	2		KEEP	Called by 2 other function(s) (internal building block or wrapper target).
private	ai_task_review_source_before_media	1	-	1	0	1	0	0	0	0	0	0	2	1		KEEP	Called by 1 other function(s) (internal building block or wrapper target).
private	ai_test_price_microusd	1	-	1	0	1	0	0	0	0	0	0	4	0		KEEP	Called by 1 other function(s) (internal building block or wrapper target).
private	ai_test_stt_price_microusd	1	-	1	0	1	0	0	0	0	0	0	3	0		KEEP	Called by 1 other function(s) (internal building block or wrapper target).
private	ai_turn_sweep_v5	1	-	1	0	1	0	0	0	0	0	0	6	0		KEEP	Called by 1 other function(s) (internal building block or wrapper target).
private	assert_application_price_v5	0	-	1	0	4	0	0	0	0	0	0	4	0		KEEP	Called by 4 other function(s) (internal building block or wrapper target).
private	audit_marketplace	1	-	1	0	26	0	0	0	0	0	0	13	17		KEEP	Called by 26 other function(s) (internal building block or wrapper target).
private	availability_is_future	0	-	1	0	2	0	0	0	0	0	0	2	1		KEEP	Called by 2 other function(s) (internal building block or wrapper target).
private	availability_timezone_valid	0	-	1	0	6	0	0	0	0	0	0	2	2		KEEP	Called by 6 other function(s) (internal building block or wrapper target).
private	candidate_budget	0	-	1	0	1	0	0	0	0	0	0	2	2		KEEP	Called by 1 other function(s) (internal building block or wrapper target).
private	candidate_profile_ids	1	-	1	0	1	0	0	0	0	0	0	3	3		KEEP	Called by 1 other function(s) (internal building block or wrapper target).
private	capture_agreement_media_trigger_v5	1	-	1	1	0	0	1	0	0	0	0	2	1		KEEP	Trigger function (used by 1 trigger(s)).
private	capture_agreement_media_v5	1	-	1	0	3	0	0	0	0	0	0	2	1	Y	KEEP	In the certified closure source digest (76 functions): never change or drop without recertification.
private	capture_case_media_trigger_v5	1	-	1	1	0	0	3	0	0	0	0	2	1		KEEP	Trigger function (used by 3 trigger(s)).
private	capture_case_media_v5	1	-	1	0	3	0	0	0	0	0	0	2	1	Y	KEEP	In the certified closure source digest (76 functions): never change or drop without recertification.
private	capture_media_active_hold_v5	1	-	1	1	0	0	1	0	0	0	0	2	1		KEEP	Trigger function (used by 1 trigger(s)).
private	category_of_event	0	-	1	0	3	0	0	0	0	0	0	5	6		KEEP	Called by 3 other function(s) (internal building block or wrapper target).
private	check_need_resolved_location_binding	1	-	1	1	0	0	3	0	0	0	0	4	1		KEEP	Trigger function (used by 3 trigger(s)).
private	claim_retention_job	1	-	1	0	2	0	0	0	0	0	0	8	2		KEEP	Called by 2 other function(s) (internal building block or wrapper target).
private	closure_account_key	0	-	1	0	15	0	0	0	0	0	0	19	8		KEEP	Called by 15 other function(s) (internal building block or wrapper target).
private	closure_account_restricted	1	-	1	0	26	0	0	0	0	0	0	16	10		KEEP	Called by 26 other function(s) (internal building block or wrapper target).
private	closure_action_document_v5	0	-	1	0	3	0	0	0	0	0	0	2	2		KEEP	Called by 3 other function(s) (internal building block or wrapper target).
private	closure_assert_current_v5	1	-	1	0	6	0	0	0	0	0	0	5	3	Y	KEEP	In the certified closure source digest (76 functions): never change or drop without recertification.
private	closure_assert_open	1	-	1	0	49	0	0	0	0	0	0	17	15		KEEP	Called by 49 other function(s) (internal building block or wrapper target).
private	closure_auth_dispatched_v5	1	-	1	0	6	0	0	0	0	0	0	3	1	Y	KEEP	In the certified closure source digest (76 functions): never change or drop without recertification.
private	closure_binding_v5	1	-	1	0	1	0	0	0	0	0	0	8	1		KEEP	Called by 1 other function(s) (internal building block or wrapper target).
private	closure_blockers_v5	1	-	1	0	4	0	0	0	0	0	0	5	6	Y	KEEP	In the certified closure source digest (76 functions): never change or drop without recertification.
private	closure_erasure_agreement_protected_v5	1	-	1	0	4	0	0	0	0	0	0	4	1	Y	KEEP	In the certified closure source digest (76 functions): never change or drop without recertification.
private	closure_erasure_assert_current_v5	1	-	1	0	7	0	0	0	0	0	0	2	1	Y	KEEP	In the certified closure source digest (76 functions): never change or drop without recertification.
private	closure_erasure_binding_v5	1	-	1	0	7	0	0	0	0	0	0	45	1	Y	KEEP	In the certified closure source digest (76 functions): never change or drop without recertification.
private	closure_erasure_exceptions_v5	1	-	1	0	8	0	0	0	0	0	0	5	1	Y	KEEP	In the certified closure source digest (76 functions): never change or drop without recertification.
private	closure_erasure_hard_blockers_v5	1	-	1	0	7	0	0	0	0	0	0	6	1	Y	KEEP	In the certified closure source digest (76 functions): never change or drop without recertification.
private	closure_erasure_lock_v5	1	-	1	0	8	0	0	0	0	0	0	3	1	Y	KEEP	In the certified closure source digest (76 functions): never change or drop without recertification.
private	closure_erasure_media_protected_v5	1	-	1	0	6	0	0	0	0	0	0	5	1	Y	KEEP	In the certified closure source digest (76 functions): never change or drop without recertification.
private	closure_erasure_program_digest_v5	1	-	1	0	1	0	0	0	0	0	0	13	1		KEEP	Called by 1 other function(s) (internal building block or wrapper target).
private	closure_erasure_progress_v5	1	-	1	0	4	0	0	0	0	0	0	3	1	Y	KEEP	In the certified closure source digest (76 functions): never change or drop without recertification.
private	closure_erasure_refresh_steps_v5	1	-	1	0	3	0	0	0	0	0	0	2	1	Y	KEEP	In the certified closure source digest (76 functions): never change or drop without recertification.
private	closure_erasure_scope_author_v5	1	-	1	0	3	0	0	0	0	0	0	3	1	Y	KEEP	In the certified closure source digest (76 functions): never change or drop without recertification.
private	closure_event_restricted	1	-	1	0	2	0	0	0	0	0	0	2	1		KEEP	Called by 2 other function(s) (internal building block or wrapper target).
private	closure_guard_delivery	1	-	1	1	0	0	1	0	0	0	0	2	1		KEEP	Trigger function (used by 1 trigger(s)).
private	closure_guard_owned_write	1	-	1	1	1	0	26	0	0	0	0	5	4		KEEP	Trigger function (used by 26 trigger(s)).
private	closure_redaction_allowed_v5	1	S	1	0	48	0	0	0	0	0	0	5	1	Y	KEEP	In the certified closure source digest (76 functions): never change or drop without recertification.
private	closure_redaction_patch_v5	1	-	1	0	4	0	0	0	0	0	0	12	1	Y	KEEP	In the certified closure source digest (76 functions): never change or drop without recertification.
private	closure_redaction_relations_v5	1	-	1	0	7	0	0	0	0	0	0	13	1	Y	KEEP	In the certified closure source digest (76 functions): never change or drop without recertification.
private	closure_redaction_scope_v5	1	-	1	0	4	0	0	0	0	0	0	8	1	Y	KEEP	In the certified closure source digest (76 functions): never change or drop without recertification.
private	closure_schema_digest_v5_139	1	-	1	0	1	0	0	0	0	0	0	14	2		KEEP	Called by 1 other function(s) (internal building block or wrapper target).
private	closure_source_digest_v5	1	-	1	0	4	0	0	0	0	0	0	135	14		KEEP	Called by 4 other function(s) (internal building block or wrapper target).
private	closure_support_source_fence_v5	1	-	1	0	3	0	0	0	0	0	0	2	2	Y	KEEP	In the certified closure source digest (76 functions): never change or drop without recertification.
private	current_publication_policy_bundle	1	-	1	0	5	0	0	0	0	0	0	11	9		KEEP	Called by 5 other function(s) (internal building block or wrapper target).
private	data_export_array_v5	0	-	1	0	3	0	0	0	0	0	0	3	1		KEEP	Called by 3 other function(s) (internal building block or wrapper target).
private	data_export_dataset_catalog	1	-	1	0	2	0	0	0	0	0	0	16	10		KEEP	Called by 2 other function(s) (internal building block or wrapper target).
private	data_export_descriptor	1	-	1	0	3	0	0	0	0	0	0	4	1		KEEP	Called by 3 other function(s) (internal building block or wrapper target).
private	data_export_lock	1	-	1	0	9	0	0	0	0	0	0	3	1		KEEP	Called by 9 other function(s) (internal building block or wrapper target).
private	data_export_maintenance	1	-	1	0	1	0	0	0	0	0	0	5	2		KEEP	Called by 1 other function(s) (internal building block or wrapper target).
private	data_export_policy_binding	1	-	1	0	6	0	0	0	0	0	0	18	9		KEEP	Called by 6 other function(s) (internal building block or wrapper target).
private	data_export_projection_sha_v5	1	-	1	0	1	0	0	0	0	0	0	5	1		KEEP	Called by 1 other function(s) (internal building block or wrapper target).
private	data_export_scalar_v5	0	-	1	0	4	0	0	0	0	0	0	4	2		KEEP	Called by 4 other function(s) (internal building block or wrapper target).
private	data_export_snapshot	1	-	1	0	2	0	0	0	0	0	0	18	9		KEEP	Called by 2 other function(s) (internal building block or wrapper target).
private	data_export_task_facts_v5	0	-	1	0	3	0	0	0	0	0	0	3	2		KEEP	Called by 3 other function(s) (internal building block or wrapper target).
private	data_export_worker_candidate_v5	0	-	1	0	2	0	0	0	0	0	0	3	1		KEEP	Called by 2 other function(s) (internal building block or wrapper target).
private	dispatch_cheap_candidate_admitted	1	-	1	0	1	0	0	0	0	0	1	8	2		KEEP	Called by 1 other function(s) (internal building block or wrapper target).
private	dispatch_next_wave	1	-	1	0	2	0	0	0	0	0	0	6	5		KEEP	Called by 2 other function(s) (internal building block or wrapper target).
private	dispatch_tick	1	-	1	0	1	0	0	0	0	0	0	10	4		KEEP	Called by 1 other function(s) (internal building block or wrapper target).
private	edge_worker_tick_v5	1	-	1	0	0	0	0	0	0	0	0	6	0		KEEP	pg_cron job uskoci_edge_workers (every minute; calls the 3 Edge workers via pg_net + Vault).
private	effective_radius_km	0	-	1	0	1	0	0	0	0	0	0	2	1		KEEP	Called by 1 other function(s) (internal building block or wrapper target).
private	emit_event	1	-	1	0	21	0	0	0	0	0	0	30	16		KEEP	Called by 21 other function(s) (internal building block or wrapper target).
private	enqueue_dispatch	1	-	1	0	5	0	0	0	0	0	0	6	6		KEEP	Called by 5 other function(s) (internal building block or wrapper target).
private	enqueue_on_need_change	1	-	1	1	0	0	1	0	0	0	0	2	2		KEEP	Trigger function (used by 1 trigger(s)).
private	execute_retention_job	1	-	1	0	2	0	0	0	0	0	0	6	2		KEEP	Called by 2 other function(s) (internal building block or wrapper target).
private	expire_lifecycle	1	-	1	0	1	0	0	0	0	0	0	15	7		KEEP	Called by 1 other function(s) (internal building block or wrapper target).
private	expire_urgent	1	-	1	0	1	0	0	0	0	0	0	3	5		KEEP	Called by 1 other function(s) (internal building block or wrapper target).
private	grant_counterparty_ok	1	-	1	0	1	0	0	0	0	0	0	2	3		KEEP	Called by 1 other function(s) (internal building block or wrapper target).
private	grant_is_ownable	1	-	1	0	1	0	0	0	0	0	0	2	4		KEEP	Called by 1 other function(s) (internal building block or wrapper target).
private	group_agreement_changed_v5	1	-	1	1	0	0	1	0	0	0	0	2	1		KEEP	Trigger function (used by 1 trigger(s)).
private	group_can_send_v5	1	-	1	0	2	0	0	0	0	0	0	2	1		KEEP	Called by 2 other function(s) (internal building block or wrapper target).
private	group_member_v5	1	-	1	0	8	0	0	0	0	0	0	3	3		KEEP	Called by 8 other function(s) (internal building block or wrapper target).
private	group_message_receipt_v5	0	-	1	0	2	0	0	0	0	0	0	2	1		KEEP	Called by 2 other function(s) (internal building block or wrapper target).
private	group_need_changed_v5	1	-	1	1	0	0	1	0	0	0	0	2	1		KEEP	Trigger function (used by 1 trigger(s)).
private	group_sync_agreement_v5	1	-	1	0	1	0	0	0	0	0	0	2	1		KEEP	Called by 1 other function(s) (internal building block or wrapper target).
private	guard_ai_fact_schema	1	-	1	1	1	0	1	0	0	0	0	6	5		KEEP	Trigger function (used by 1 trigger(s)).
private	guard_ai_fact_write	1	-	1	1	1	0	1	0	0	0	0	4	7		KEEP	Trigger function (used by 1 trigger(s)).
private	guard_ai_proposal_write	1	-	1	1	1	0	1	0	0	0	0	3	4		KEEP	Trigger function (used by 1 trigger(s)).
private	guard_availability_timezone	1	-	1	1	0	0	1	0	0	0	0	2	1		KEEP	Trigger function (used by 1 trigger(s)).
private	guard_closed_remaining_search_delivery	1	-	1	1	0	0	1	0	0	0	0	2	1		KEEP	Trigger function (used by 1 trigger(s)).
private	guard_closed_remaining_search_response	1	-	1	1	0	0	1	0	0	0	0	2	1		KEEP	Trigger function (used by 1 trigger(s)).
private	guard_media_evidence_asset_v5	1	-	1	1	0	0	1	0	0	0	0	2	1		KEEP	Trigger function (used by 1 trigger(s)).
private	guard_media_evidence_storage_v5	1	-	1	1	0	0	1	0	0	0	0	3	1		KEEP	Trigger function (used by 1 trigger(s)).
private	guard_need_edit_base_marker	1	-	1	1	1	0	1	0	0	0	0	4	4		KEEP	Trigger function (used by 1 trigger(s)).
private	guard_need_resolved_location_write	1	-	1	1	0	0	1	0	0	0	0	2	1		KEEP	Trigger function (used by 1 trigger(s)).
private	guard_need_write	1	-	1	1	0	0	1	0	0	0	0	7	8		KEEP	Trigger function (used by 1 trigger(s)).
private	guard_persistent_availability	0	-	1	1	0	0	1	0	0	0	0	2	1		KEEP	Trigger function (used by 1 trigger(s)).
private	guard_profile_write	1	-	1	1	0	0	1	0	0	0	0	5	5		KEEP	Trigger function (used by 1 trigger(s)).
private	guard_remaining_search_close_fields	1	-	1	1	0	0	1	0	0	0	0	5	1		KEEP	Trigger function (used by 1 trigger(s)).
private	guard_requester_identity_writer	1	-	1	1	0	0	1	0	0	0	0	2	1		KEEP	Trigger function (used by 1 trigger(s)).
private	guard_resolved_location_fact	1	-	1	1	1	0	1	0	0	0	0	3	3		KEEP	Trigger function (used by 1 trigger(s)).
private	guard_retention_ai_child	1	-	1	1	1	0	3	0	0	0	0	5	3		KEEP	Trigger function (used by 3 trigger(s)).
private	guard_retention_ai_origin	1	-	1	1	1	0	1	0	0	0	0	5	3		KEEP	Trigger function (used by 1 trigger(s)).
private	guard_review_immutable	0	-	1	1	0	0	1	0	0	0	0	2	1		KEEP	Trigger function (used by 1 trigger(s)).
private	guard_unavailable_identity_requirement_v5	1	-	1	1	0	0	1	0	0	0	0	4	2		KEEP	Trigger function (used by 1 trigger(s)).
private	guard_urgent_need	0	-	1	1	0	0	1	0	0	0	0	3	1		KEEP	Trigger function (used by 1 trigger(s)).
private	guard_wmp_write	1	-	1	1	0	0	1	0	0	0	0	2	1		KEEP	Trigger function (used by 1 trigger(s)).
private	guard_worker_fact_authority	1	-	1	1	0	0	1	0	0	0	0	2	1		KEEP	Trigger function (used by 1 trigger(s)).
private	guard_worker_preference_authority	1	-	1	1	0	0	1	0	0	0	0	2	1		KEEP	Trigger function (used by 1 trigger(s)).
private	haversine_km	0	-	1	0	1	0	0	0	0	0	0	2	1		KEEP	Called by 1 other function(s) (internal building block or wrapper target).
private	identity_admitted	0	-	1	0	2	0	0	0	0	0	0	4	1		KEEP	Called by 2 other function(s) (internal building block or wrapper target).
private	in_quiet_hours	0	-	1	0	1	0	0	0	0	0	0	4	3		KEEP	Called by 1 other function(s) (internal building block or wrapper target).
private	invalidate_resolved_location_fact	1	-	1	1	1	0	1	0	0	0	0	3	3		KEEP	Trigger function (used by 1 trigger(s)).
private	jsonb_text_array	1	-	1	0	1	0	0	0	0	0	0	3	2		KEEP	Called by 1 other function(s) (internal building block or wrapper target).
private	location_private_text_valid	0	-	1	0	2	0	0	0	0	0	0	2	3		KEEP	Called by 2 other function(s) (internal building block or wrapper target).
private	location_text_valid	0	-	1	0	3	0	0	0	0	0	0	2	3		KEEP	Called by 3 other function(s) (internal building block or wrapper target).
private	lower_arr	0	-	1	0	2	0	0	1	0	0	0	3	2		KEEP	Called by 2 other function(s) (internal building block or wrapper target).
private	marketplace_tick	1	-	1	0	0	0	0	0	0	0	0	13	4		KEEP	pg_cron job uskoci_marketplace_tick (every minute).
private	match_detail	1	-	1	0	1	0	0	0	0	0	1	11	15		KEEP	Called by 1 other function(s) (internal building block or wrapper target).
private	match_detail_for_calendar_interval	1	-	1	0	5	0	0	0	0	0	0	5	2		KEEP	Called by 5 other function(s) (internal building block or wrapper target).
private	match_detail_without_calendar	1	-	1	0	1	0	0	0	0	0	0	8	3		KEEP	Called by 1 other function(s) (internal building block or wrapper target).
private	materialize_resolved_location	1	-	1	0	2	0	0	1	0	0	0	4	3		KEEP	Called by 2 other function(s) (internal building block or wrapper target).
private	media_assert_task_edit	1	-	1	0	2	0	0	0	0	0	0	2	1		KEEP	Called by 2 other function(s) (internal building block or wrapper target).
private	media_asset_document	0	-	1	0	7	0	0	0	0	0	0	4	1		KEEP	Called by 7 other function(s) (internal building block or wrapper target).
private	media_evidence_immutable_v5	1	-	1	1	0	0	3	0	0	0	0	3	1		KEEP	Trigger function (used by 3 trigger(s)).
private	media_evidence_key_v5	0	-	1	0	11	0	0	0	0	0	0	3	3	Y	KEEP	In the certified closure source digest (76 functions): never change or drop without recertification.
private	media_owner_protected_v5	1	-	1	0	4	0	0	0	0	0	0	3	2	Y	KEEP	In the certified closure source digest (76 functions): never change or drop without recertification.
private	media_refs_ready	1	-	1	0	6	0	0	0	0	0	0	2	1		KEEP	Called by 6 other function(s) (internal building block or wrapper target).
private	media_task_refs	1	-	1	0	5	0	0	0	0	0	0	5	1		KEEP	Called by 5 other function(s) (internal building block or wrapper target).
private	media_write_task_refs	1	-	1	0	2	0	0	0	0	0	0	2	1		KEEP	Called by 2 other function(s) (internal building block or wrapper target).
private	my_application_state	0	-	1	0	3	0	0	2	0	0	0	10	0		KEEP	Called by 3 other function(s) (internal building block or wrapper target).
private	need_candidate_states_v5	1	-	1	0	2	0	0	0	0	0	0	3	0		KEEP	Called by 2 other function(s) (internal building block or wrapper target).
private	need_edit_base_marker	1	-	1	0	5	0	0	0	0	0	0	6	3		KEEP	Called by 5 other function(s) (internal building block or wrapper target).
private	need_full_edit_snapshot	1	-	1	0	1	0	0	0	0	0	0	7	4		KEEP	Called by 1 other function(s) (internal building block or wrapper target).
private	need_location_review_document	1	-	1	0	3	0	0	0	0	0	0	3	4		KEEP	Called by 3 other function(s) (internal building block or wrapper target).
private	need_material_snapshot	1	-	1	0	2	0	0	0	0	0	0	10	4		KEEP	Called by 2 other function(s) (internal building block or wrapper target).
private	need_publication_context	1	-	1	0	4	0	0	0	0	0	0	4	3		KEEP	Called by 4 other function(s) (internal building block or wrapper target).
private	need_publication_fingerprint_snapshot	1	-	1	0	5	0	0	0	0	0	0	7	5		KEEP	Called by 5 other function(s) (internal building block or wrapper target).
private	need_publication_location_readiness	1	-	1	0	1	0	0	0	0	0	0	5	1		KEEP	Called by 1 other function(s) (internal building block or wrapper target).
private	need_v2_location_ref_valid	0	-	1	0	1	0	0	0	0	0	0	2	1		KEEP	Called by 1 other function(s) (internal building block or wrapper target).
private	normalize_location_point	0	-	1	0	1	0	0	0	0	0	0	2	1		KEEP	Called by 1 other function(s) (internal building block or wrapper target).
private	normalize_need_location	0	-	1	0	2	0	0	0	0	0	0	3	4		KEEP	Called by 2 other function(s) (internal building block or wrapper target).
private	normalize_resolved_location	0	-	1	0	5	0	0	0	0	0	0	5	1		KEEP	Called by 5 other function(s) (internal building block or wrapper target).
private	normalize_task_geography	0	-	1	0	4	0	0	0	0	0	0	4	5		KEEP	Called by 4 other function(s) (internal building block or wrapper target).
private	normalize_worker_ai_availability	1	-	1	0	2	0	0	0	0	0	0	2	1		KEEP	Called by 2 other function(s) (internal building block or wrapper target).
private	notification_copy_v5	0	-	1	0	1	0	0	0	0	0	0	3	0		KEEP	Called by 1 other function(s) (internal building block or wrapper target).
private	notification_preferences_settings	0	-	1	0	2	0	0	0	0	0	0	4	1		KEEP	Called by 2 other function(s) (internal building block or wrapper target).
private	notification_preferences_write_guard	0	-	1	1	0	0	1	0	0	0	0	4	1		KEEP	Trigger function (used by 1 trigger(s)).
private	platform_payments_enabled	0	-	1	0	2	0	0	0	0	0	0	3	0		KEEP(staged)	PKG-051a price-list kill switch (owner-only, nothing reads it yet); documented staged package.
private	platform_price_add_version	0	-	1	0	0	0	0	0	0	0	0	3	0		KEEP(staged)	PKG-051a price-list writer (owner-only, staged).
private	platform_price_canonical	0	-	1	0	2	0	0	0	0	0	0	3	0		KEEP(staged)	PKG-051a price-list helper (staged).
private	platform_price_list_at	0	-	1	0	0	0	0	0	0	0	0	3	0		KEEP(staged)	PKG-051a price-list reader (staged).
private	platform_price_versions	0	-	1	0	2	0	0	0	0	0	0	3	0		KEEP(staged)	PKG-051a price-list integrity helper (staged).
private	pre_v3_application_event	1	-	1	1	0	0	1	0	0	0	0	3	1		KEEP	Trigger function (used by 1 trigger(s)).
private	publication_policy_bundle_ready	1	-	1	0	3	0	0	0	0	0	0	8	7		KEEP	Called by 3 other function(s) (internal building block or wrapper target).
private	publication_policy_document	1	-	1	0	3	0	0	0	0	0	0	9	5		KEEP	Called by 3 other function(s) (internal building block or wrapper target).
private	push_session_valid	1	-	1	0	10	0	0	0	0	0	0	15	3		KEEP	Called by 10 other function(s) (internal building block or wrapper target).
private	push_suppression	1	-	1	0	2	0	0	0	0	0	0	4	3		KEEP	Called by 2 other function(s) (internal building block or wrapper target).
private	qa_ai_assert_actor	1	-	1	0	4	0	0	0	0	0	0	2	1		KEEP	Called by 4 other function(s) (internal building block or wrapper target).
private	qa_ai_input_hash	0	-	1	0	3	0	0	0	0	0	0	3	1		KEEP	Called by 3 other function(s) (internal building block or wrapper target).
private	qa_ai_source	1	-	1	0	6	0	0	0	0	0	0	3	1		KEEP	Called by 6 other function(s) (internal building block or wrapper target).
private	qa_ai_status	1	-	1	0	6	0	0	0	0	0	0	3	1		KEEP	Called by 6 other function(s) (internal building block or wrapper target).
private	refresh_worker_calendar_event	1	-	1	0	2	0	0	0	0	0	0	3	2		KEEP	Called by 2 other function(s) (internal building block or wrapper target).
private	reject_connection_ledger_mutation	1	-	1	1	0	0	2	0	0	0	0	4	1		KEEP	Trigger function (used by 2 trigger(s)).
private	reject_need_publication_decision_mutation	1	-	1	1	0	0	1	0	0	0	0	2	1		KEEP	Trigger function (used by 1 trigger(s)).
private	relative_schedule_end_v5	0	-	1	0	1	0	0	0	0	0	0	4	0		KEEP	Called by 1 other function(s) (internal building block or wrapper target).
private	requester_identity_document	1	-	1	0	2	0	0	0	0	0	0	2	1		KEEP	Called by 2 other function(s) (internal building block or wrapper target).
private	requeue_open_needs_for_worker_v5	1	-	1	0	5	0	0	0	0	0	0	3	0		KEEP	Called by 5 other function(s) (internal building block or wrapper target).
private	require_connection_activation_for_new_agreement	1	-	1	1	0	0	1	0	0	0	0	4	1		KEEP	Trigger function (used by 1 trigger(s)).
private	require_location_country	1	-	1	0	8	0	0	0	0	0	0	5	5		KEEP	Called by 8 other function(s) (internal building block or wrapper target).
private	resolve_media_snapshot_v5	1	-	1	0	4	0	0	0	0	0	0	3	2	Y	KEEP	In the certified closure source digest (76 functions): never change or drop without recertification.
private	resolved_location_record_valid	0	-	1	0	6	0	0	0	0	0	0	5	2		KEEP	Called by 6 other function(s) (internal building block or wrapper target).
private	retention_ai_candidate	1	-	1	0	2	0	0	0	0	0	0	13	3		KEEP	Called by 2 other function(s) (internal building block or wrapper target).
private	retention_ai_source_ready	1	-	1	0	4	0	0	0	0	0	0	131	10		KEEP	Called by 4 other function(s) (internal building block or wrapper target).
private	retention_execution_binding	1	-	1	0	3	0	0	0	0	0	0	5	2		KEEP	Called by 3 other function(s) (internal building block or wrapper target).
private	retention_maintenance	1	-	1	0	1	0	0	0	0	0	0	5	1		KEEP	Called by 1 other function(s) (internal building block or wrapper target).
private	review_receipt	0	-	1	0	2	0	0	0	0	0	0	2	1		KEEP	Called by 2 other function(s) (internal building block or wrapper target).
private	review_tag_catalog	0	-	1	0	3	0	0	0	0	0	0	2	1		KEEP	Called by 3 other function(s) (internal building block or wrapper target).
private	review_tags_valid	0	-	1	0	1	0	0	0	0	0	0	2	1		KEEP	Called by 1 other function(s) (internal building block or wrapper target).
private	revoke_data_export_receipt	1	-	1	0	1	0	0	0	0	0	0	5	2		KEEP	Called by 1 other function(s) (internal building block or wrapper target).
private	rpc_ru4b_record_materiality_decision_service	1	S	1	0	2	0	0	0	0	0	0	2	3		KEEP	Called by 2 other function(s) (internal building block or wrapper target).
private	rpc_ru4b_record_policy_decision_service	1	S	1	0	2	0	0	0	0	0	0	2	3		KEEP	Called by 2 other function(s) (internal building block or wrapper target).
private	ru4b_assert_block_authority_ready	1	-	1	0	4	0	0	0	0	0	0	2	5		KEEP	Called by 4 other function(s) (internal building block or wrapper target).
private	ru4b_assert_numeric_policy_v5	1	-	1	0	3	0	0	0	0	0	0	2	1		KEEP	Called by 3 other function(s) (internal building block or wrapper target).
private	ru4b_assert_rate_authority_ready	1	-	1	0	0	0	0	0	0	0	0	2	3		DEPRECATE->DROP	No caller, no dependent object, no reference in any function body (call-graph unreachable); RU-4b era assertion helper. [needs owner approval + rollback plan]
private	ru4b_content_fingerprint	0	-	1	0	3	0	0	0	0	0	0	4	2		KEEP	Called by 3 other function(s) (internal building block or wrapper target).
private	ru4b_exact_materiality	1	-	1	0	1	0	0	0	0	0	0	2	2		KEEP	Called by 1 other function(s) (internal building block or wrapper target).
private	ru4b_has_exact_policy_allow	1	-	1	0	2	0	0	0	0	0	0	3	2		KEEP	Called by 2 other function(s) (internal building block or wrapper target).
private	ru4b_normalized_question_v5	0	-	1	0	1	0	0	0	0	0	0	2	1		KEEP	Called by 1 other function(s) (internal building block or wrapper target).
private	ru4b_public_floor_reason	0	-	1	0	3	0	0	0	0	0	0	6	2		KEEP	Called by 3 other function(s) (internal building block or wrapper target).
private	safety_assert_pair	1	-	1	0	4	0	0	0	0	0	0	3	4		KEEP	Called by 4 other function(s) (internal building block or wrapper target).
private	safety_event_blocked	1	-	1	0	2	0	0	0	0	0	0	2	2		KEEP	Called by 2 other function(s) (internal building block or wrapper target).
private	safety_grant_valid	1	-	1	0	3	0	0	0	0	0	0	2	3		KEEP	Called by 3 other function(s) (internal building block or wrapper target).
private	safety_guard_delivery	1	-	1	1	0	0	1	0	0	0	0	2	1		KEEP	Trigger function (used by 1 trigger(s)).
private	safety_guard_interaction_write	1	-	1	1	0	0	5	0	0	0	0	2	1		KEEP	Trigger function (used by 5 trigger(s)).
private	safety_pair_blocked	1	-	1	0	11	0	0	0	0	0	0	6	5		KEEP	Called by 11 other function(s) (internal building block or wrapper target).
private	safety_pair_key	0	-	1	0	4	0	0	0	0	0	0	2	2		KEEP	Called by 4 other function(s) (internal building block or wrapper target).
private	safety_report_context_allowed	1	-	1	0	1	0	0	0	0	0	0	2	1		KEEP	Called by 1 other function(s) (internal building block or wrapper target).
private	schedule_fit	1	-	1	0	1	0	0	0	0	0	0	3	2		KEEP	Called by 1 other function(s) (internal building block or wrapper target).
private	set_updated_at	0	-	1	1	0	0	8	0	0	0	0	2	6		KEEP	Trigger function (used by 8 trigger(s)).
private	support_allowed_actions_v5	1	-	1	0	4	0	0	0	0	0	0	2	2	Y	KEEP	In the certified closure source digest (76 functions): never change or drop without recertification.
private	support_auth_v5	1	-	1	0	20	0	0	0	0	0	0	13	3	Y	KEEP	In the certified closure source digest (76 functions): never change or drop without recertification.
private	support_capture_media_v5	1	-	1	0	3	0	0	0	0	0	0	3	2	Y	KEEP	In the certified closure source digest (76 functions): never change or drop without recertification.
private	support_case_guard_v5	1	-	1	1	2	0	1	0	0	0	0	2	1	Y	KEEP	In the certified closure source digest (76 functions): never change or drop without recertification.
private	support_command_document_v5	1	-	1	0	5	0	0	0	0	0	0	3	1	Y	KEEP	In the certified closure source digest (76 functions): never change or drop without recertification.
private	support_command_key_v5	0	-	1	0	4	0	0	0	0	0	0	3	1	Y	KEEP	In the certified closure source digest (76 functions): never change or drop without recertification.
private	support_decision_document_v5	0	-	1	0	3	0	0	0	0	0	0	2	1	Y	KEEP	In the certified closure source digest (76 functions): never change or drop without recertification.
private	support_event_document_v5	1	-	1	0	3	0	0	0	0	0	0	2	1	Y	KEEP	In the certified closure source digest (76 functions): never change or drop without recertification.
private	support_immutable_v5	1	-	1	1	2	0	6	0	0	0	0	2	1	Y	KEEP	In the certified closure source digest (76 functions): never change or drop without recertification.
private	support_operator_key_v5	0	-	1	0	9	0	0	0	0	0	0	5	2	Y	KEEP	In the certified closure source digest (76 functions): never change or drop without recertification.
private	support_operator_revision_v5	1	-	1	0	8	0	0	0	0	0	0	2	1	Y	KEEP	In the certified closure source digest (76 functions): never change or drop without recertification.
private	support_reference_v5	1	-	1	0	3	0	0	0	0	0	0	3	3	Y	KEEP	In the certified closure source digest (76 functions): never change or drop without recertification.
private	support_safe_exit_v5	1	-	1	0	6	0	0	0	0	0	0	3	2	Y	KEEP	In the certified closure source digest (76 functions): never change or drop without recertification.
private	support_safety_capture_v5	1	-	1	1	2	0	1	0	0	0	0	2	1	Y	KEEP	In the certified closure source digest (76 functions): never change or drop without recertification.
private	support_safety_case_v5	1	-	1	0	3	0	0	0	0	0	0	2	1	Y	KEEP	In the certified closure source digest (76 functions): never change or drop without recertification.
private	support_safety_closure_v5	1	-	1	1	2	0	1	0	0	0	0	3	2	Y	KEEP	In the certified closure source digest (76 functions): never change or drop without recertification.
private	sync_need_completion	1	-	1	0	2	0	0	0	0	0	0	9	4		KEEP	Called by 2 other function(s) (internal building block or wrapper target).
private	tg_worker_calendar_agreement_update	1	-	1	1	0	0	1	0	0	0	0	2	1		KEEP	Trigger function (used by 1 trigger(s)).
private	tg_worker_calendar_version_insert	1	-	1	1	0	0	1	0	0	0	0	2	1		KEEP	Trigger function (used by 1 trigger(s)).
private	urgent_activation_decision	1	-	1	0	2	0	0	0	0	0	0	3	1		KEEP	Called by 2 other function(s) (internal building block or wrapper target).
private	validate_need_v2_fact	1	-	1	0	9	0	0	0	0	0	0	11	12		KEEP	Called by 9 other function(s) (internal building block or wrapper target).
private	validate_need_v2_fact_pre_country	1	-	1	0	1	0	0	0	0	0	0	4	2		KEEP	Called by 1 other function(s) (internal building block or wrapper target).
private	validate_need_v2_fact_pre_fastest_retirement	1	-	1	0	1	0	0	0	0	0	0	3	1		KEEP	Called by 1 other function(s) (internal building block or wrapper target).
private	validate_need_v2_fact_pre_location	1	-	1	0	1	0	0	0	0	0	0	2	1		KEEP	Called by 1 other function(s) (internal building block or wrapper target).
private	viewer_same_world	1	U	1	0	0	1	0	0	0	0	0	8	0		KEEP	Referenced by 1 RLS policy expression(s).
private	work_kinds_v5	0	-	1	0	2	0	0	0	0	0	0	4	0		KEEP	Called by 2 other function(s) (internal building block or wrapper target).
private	worker_ai_document	1	-	1	0	5	0	0	0	0	0	0	3	2		KEEP	Called by 5 other function(s) (internal building block or wrapper target).
private	worker_ai_initial	1	-	1	0	2	0	0	0	0	0	0	2	1		KEEP	Called by 2 other function(s) (internal building block or wrapper target).
private	worker_ai_patch	1	-	1	0	2	0	0	0	0	0	0	2	3		KEEP	Called by 2 other function(s) (internal building block or wrapper target).
private	worker_ai_source	1	-	1	0	1	0	0	0	0	0	0	2	1		KEEP	Called by 1 other function(s) (internal building block or wrapper target).
private	worker_ai_source_hash	1	-	1	0	7	0	0	0	0	0	0	2	3		KEEP	Called by 7 other function(s) (internal building block or wrapper target).
private	worker_ai_turn_document	1	-	1	0	6	0	0	0	0	0	0	4	3		KEEP	Called by 6 other function(s) (internal building block or wrapper target).
private	worker_ai_turn_recovery_v5	1	-	1	0	2	0	0	0	0	0	0	3	2		KEEP	Called by 2 other function(s) (internal building block or wrapper target).
private	worker_availability_document	1	-	1	0	5	0	0	0	0	0	0	5	4		KEEP	Called by 5 other function(s) (internal building block or wrapper target).
private	worker_available_periods	1	-	1	0	2	0	0	0	0	0	0	3	1		KEEP	Called by 2 other function(s) (internal building block or wrapper target).
private	worker_calendar_conflict	1	-	1	0	3	0	0	0	0	0	0	3	3		KEEP	Called by 3 other function(s) (internal building block or wrapper target).
private	worker_capacity_document	1	-	1	0	5	0	0	0	0	0	0	3	2		KEEP	Called by 5 other function(s) (internal building block or wrapper target).
private	worker_dispatch_time_admitted	1	-	1	0	2	0	0	0	0	0	0	3	1		KEEP	Called by 2 other function(s) (internal building block or wrapper target).
private	worker_location_document	1	-	1	0	5	0	0	0	0	0	0	4	3		KEEP	Called by 5 other function(s) (internal building block or wrapper target).
public	covered_slots	1	US	1	0	18	0	0	5	5	0	6	63	25		KEEP	Called by the production client (route-reachable module).
public	fn_is_party	1	S	1	0	1	0	0	0	0	0	0	2	7		KEEP	Called by 1 other function(s) (internal building block or wrapper target).
public	fn_need_covered_slots	1	S	1	0	5	0	0	0	0	0	0	5	12		KEEP	Called by 5 other function(s) (internal building block or wrapper target).
public	fn_need_urgency	0	US	1	0	0	0	0	2	2	0	1	5	2		KEEP	Called by the production client (route-reachable module).
public	fn_safety_need_grant_valid	1	U	1	0	0	1	0	0	0	0	0	2	1		KEEP	Referenced by 1 RLS policy expression(s).
public	handle_uskoci_auth_user_created	1	S	1	1	0	0	1	0	0	0	0	10	3		KEEP	Trigger function (used by 1 trigger(s)).
public	handle_uskoci_auth_user_updated	1	S	1	1	2	0	1	0	0	0	0	2	4	Y	KEEP	In the certified closure source digest (76 functions): never change or drop without recertification.
public	is_my_task	1	US	1	0	1	0	0	0	0	0	0	6	0		KEEP	Called by 1 other function(s) (internal building block or wrapper target).
public	metadata_text_array	0	S	1	0	1	0	0	0	0	0	0	5	3		KEEP	Called by 1 other function(s) (internal building block or wrapper target).
public	my_cloud_profile_bundle	0	PAUS	1	0	0	0	0	0	0	0	0	2	1		DEPRECATE	Legacy 2026-08-25 function executable by PUBLIC, anon, authenticated and service_role (all default grants); never referenced by client code (git history); SECURITY INVOKER so RLS protects data, but the anon/PUBLIC grant is unnecessary. [needs owner approval + rollback plan]
public	rls_auto_enable	1	S	1	0	0	0	0	0	0	0	0	7	2		KEEP	Service-role operations/retention/support/QA tool (no Edge caller; proofs and owner scripts use it).
public	rpc_abandon_worker_ai	1	U	1	0	0	0	0	1	1	0	0	7	1		KEEP	Called by the production client (route-reachable module).
public	rpc_accept_ai_task_review	1	U	1	0	0	0	0	1	1	0	2	9	2		KEEP	Called by the production client (route-reachable module).
public	rpc_accept_legal_bundle	1	U	1	0	1	0	0	1	1	0	1	7	2		KEEP	Called by the production client (route-reachable module).
public	rpc_accept_reviewed_legal_bundle	1	U	1	0	0	0	0	1	1	0	1	5	1		KEEP	Called by the production client (route-reachable module).
public	rpc_activate_urgent	1	US	1	0	0	0	0	0	0	0	0	3	2		KEEP(staged)	HITNO / URGENT_BOOST server capability behind the PKG-051 price list (payments off); never wired in the client; keep as staged.
public	rpc_admit_account_lineage_service	1	S	1	0	0	0	0	0	0	0	0	7	0		KEEP	Service-role operations/retention/support/QA tool (no Edge caller; proofs and owner scripts use it).
public	rpc_agreement_invalidation_visible_v1	1	U	1	0	2	1	0	0	0	0	0	5	0	Y	KEEP	In the certified closure source digest (76 functions): never change or drop without recertification.
public	rpc_agreement_photo_read_service_v5	1	S	1	0	2	0	0	0	0	1	0	5	1	Y	KEEP	In the certified closure source digest (76 functions): never change or drop without recertification.
public	rpc_agreement_photo_upload_service_v5	1	S	1	0	2	0	0	0	0	1	0	5	1	Y	KEEP	In the certified closure source digest (76 functions): never change or drop without recertification.
public	rpc_ai_abandon_need_conversation_v2	1	U	1	0	0	0	0	1	1	0	1	6	1		KEEP	Called by the production client (route-reachable module).
public	rpc_ai_apply_interview_turn_service	1	-	1	0	1	0	0	0	0	0	0	19	6		KEEP	Called by 1 other function(s) (internal building block or wrapper target).
public	rpc_ai_apply_interview_turn_v2_service	1	-	1	0	1	0	0	0	0	0	0	18	6		KEEP	Called by 1 other function(s) (internal building block or wrapper target).
public	rpc_ai_apply_legacy_need_turn_service	1	S	1	0	0	0	0	0	0	1	0	5	1		KEEP	Called by an Edge function.
public	rpc_ai_cancel_need_turn_v2	1	U	1	0	0	0	0	1	1	0	1	9	3		KEEP	Called by the production client (route-reachable module).
public	rpc_ai_claim_need_turn_v2_service	1	S	1	0	0	0	0	0	0	1	0	23	3		KEEP	Called by an Edge function.
public	rpc_ai_complete_need_turn_v2_service	1	S	1	0	0	0	0	0	0	1	0	21	2		KEEP	Called by an Edge function.
public	rpc_ai_confirm_fact	1	US	1	0	1	0	0	3	3	0	0	25	8		KEEP	Called by the production client (route-reachable module).
public	rpc_ai_correct_fact	1	US	1	0	0	0	0	1	1	0	1	16	3		KEEP	Called by the production client (route-reachable module).
public	rpc_ai_correct_fact_v2	1	US	1	0	0	0	0	1	1	0	1	16	5		KEEP	Called by the production client (route-reachable module).
public	rpc_ai_dispatch_need_turn_v2_service	1	S	1	0	0	0	0	0	0	1	0	20	2		KEEP	Called by an Edge function.
public	rpc_ai_fail_need_turn_v2_service	1	S	1	0	0	0	0	0	0	1	0	15	2		KEEP	Called by an Edge function.
public	rpc_ai_need_review_v2	1	US	1	0	1	0	0	2	2	0	1	24	4		KEEP	Called by the production client (route-reachable module).
public	rpc_ai_open_conversation	1	US	1	0	0	0	0	0	0	0	1	6	3		DEPRECATE	V1 AI conversation opener exposed to authenticated+service_role; no route-reachable caller; client last referenced it 2026-09-11. [needs owner approval + rollback plan]
public	rpc_ai_open_need_conversation_owned_v2	1	U	1	0	0	0	0	2	2	0	1	9	1		KEEP	Called by the production client (route-reachable module).
public	rpc_ai_open_need_conversation_v2	1	U	1	0	1	0	0	0	0	0	0	27	2		DEPRECATE	Superseded by rpc_ai_open_need_conversation_owned_v2 (the client path); still referenced by one wrapper function; client last referenced it 2026-09-11. [needs owner approval + rollback plan]
public	rpc_ai_open_need_edit_conversation_v2	1	U	1	0	0	0	0	1	1	0	2	19	5		KEEP	Called by the production client (route-reachable module).
public	rpc_ai_propose_fact	0	-	1	0	0	0	0	0	0	0	0	4	3		DEPRECATE->DROP	Revoked from every API role, no caller in code, not referenced by any DB object or function (call-graph unreachable); superseded by the owned V2 AI conversation flow (client last referenced it 2026-09-18). [needs owner approval + rollback plan]
public	rpc_ai_publish_need	1	US	1	0	0	0	0	3	3	0	1	8	10		KEEP	Called by the production client (route-reachable module).
public	rpc_ai_read_need_turn_v2	1	U	1	0	0	0	0	1	1	0	1	7	1		KEEP	Called by the production client (route-reachable module).
public	rpc_ai_recover_need_turn_v2	1	U	1	0	1	0	0	1	1	0	1	8	2		KEEP	Called by the production client (route-reachable module).
public	rpc_ai_test_budget_report_service	1	S	1	0	0	0	0	0	0	0	0	10	0		KEEP	Service-role operations/retention/support/QA tool (no Edge caller; proofs and owner scripts use it).
public	rpc_ai_test_budget_reserve_service	1	S	1	0	0	0	0	0	0	1	1	29	2		KEEP	Called by an Edge function.
public	rpc_ai_test_record_usage_service	1	S	1	0	0	0	0	0	0	2	0	9	0		KEEP	Called by an Edge function.
public	rpc_ai_test_release_unused_reservation_service	1	S	1	0	0	0	0	0	0	1	0	5	0		KEEP	Called by an Edge function.
public	rpc_ai_test_settle_audio_service	1	S	1	0	0	0	0	0	0	1	0	5	0		KEEP	Called by an Edge function.
public	rpc_apply_profile_avatar	1	U	1	0	0	0	0	1	1	0	1	3	1		KEEP	Called by the production client (route-reachable module).
public	rpc_authorize_data_export_download	1	U	1	0	0	0	0	0	0	1	0	6	1		KEEP	Called by an Edge function.
public	rpc_begin_push_send	1	S	1	0	0	0	0	0	0	1	0	12	1		KEEP	Called by an Edge function.
public	rpc_cancel_agreement	1	US	1	0	0	0	0	2	2	0	1	28	7		KEEP	Called by the production client (route-reachable module).
public	rpc_cancel_data_export	1	U	1	0	0	0	0	1	1	0	1	9	2		KEEP	Called by the production client (route-reachable module).
public	rpc_cancel_media_upload	1	U	1	0	0	0	0	1	1	0	1	7	0		KEEP	Called by the production client (route-reachable module).
public	rpc_cancel_need	1	US	1	0	1	0	0	1	1	0	1	10	3		KEEP	Called by the production client (route-reachable module).
public	rpc_cancel_qa_classification	1	U	1	0	0	0	0	1	1	0	0	6	1		KEEP	Called by the production client (route-reachable module).
public	rpc_cancel_worker_ai_turn	1	U	1	0	0	0	0	1	1	0	1	7	3		KEEP	Called by the production client (route-reachable module).
public	rpc_check_preselection_qa_limits_service	1	S	1	0	1	0	0	0	0	0	0	7	2		KEEP	Called by 1 other function(s) (internal building block or wrapper target).
public	rpc_claim_account_closure_action_service	1	S	1	0	2	0	0	0	0	1	0	9	2	Y	KEEP	In the certified closure source digest (76 functions): never change or drop without recertification.
public	rpc_claim_ai_task_review_evaluation_service	1	S	1	0	0	0	0	0	0	1	0	9	2		KEEP	Called by an Edge function.
public	rpc_claim_data_export	1	S	1	0	0	0	0	0	0	1	0	6	1		KEEP	Called by an Edge function.
public	rpc_claim_data_export_cleanup	1	S	1	0	0	0	0	0	0	1	0	6	1		KEEP	Called by an Edge function.
public	rpc_claim_media_upload_service	1	S	1	0	0	0	0	0	0	1	0	10	1		KEEP	Called by an Edge function.
public	rpc_claim_push_transport	1	S	1	0	0	0	0	0	0	1	0	9	1		KEEP	Called by an Edge function.
public	rpc_claim_qa_classification_service	1	S	1	0	0	0	0	0	0	1	0	8	1		KEEP	Called by an Edge function.
public	rpc_claim_retention_job	1	S	1	0	0	0	0	0	0	0	0	5	1		KEEP	Service-role operations/retention/support/QA tool (no Edge caller; proofs and owner scripts use it).
public	rpc_claim_worker_ai_turn_service	1	S	1	0	0	0	0	0	0	1	0	9	3		KEEP	Called by an Edge function.
public	rpc_clear_profile_avatar	1	U	1	0	0	0	0	1	1	0	0	3	1		KEEP	Called by the production client (route-reachable module).
public	rpc_close_remaining_search	1	U	1	0	0	0	0	1	1	0	1	6	1		KEEP	Called by the production client (route-reachable module).
public	rpc_closure_api_guard	1	AUS	1	0	2	0	0	0	0	0	0	6	3	Y	KEEP	In the certified closure source digest (76 functions): never change or drop without recertification.
public	rpc_complete_account_closure_action_service	1	S	1	0	2	0	0	0	0	1	0	6	2	Y	KEEP	In the certified closure source digest (76 functions): never change or drop without recertification.
public	rpc_complete_ai_task_review_evaluation_service	1	S	1	0	0	0	0	0	0	1	0	9	1		KEEP	Called by an Edge function.
public	rpc_complete_data_export	1	S	1	0	0	0	0	0	0	1	0	5	1		KEEP	Called by an Edge function.
public	rpc_complete_data_export_cleanup	1	S	1	0	0	0	0	0	0	1	0	5	1		KEEP	Called by an Edge function.
public	rpc_complete_media_upload_service	1	S	1	0	0	0	0	0	0	1	0	6	1		KEEP	Called by an Edge function.
public	rpc_complete_push_transport	1	S	1	0	0	0	0	0	0	1	0	7	1		KEEP	Called by an Edge function.
public	rpc_complete_qa_classification_service	1	S	1	0	0	0	0	0	0	1	0	7	1		KEEP	Called by an Edge function.
public	rpc_complete_worker_ai_turn_service	1	S	1	0	0	0	0	0	0	1	0	9	3		KEEP	Called by an Edge function.
public	rpc_complete_worker_profile	1	US	1	0	1	0	0	1	1	0	1	40	5		KEEP	Called by the production client (route-reachable module).
public	rpc_confirm_completion	1	US	1	0	0	0	0	2	2	0	1	17	7		KEEP	Called by the production client (route-reachable module).
public	rpc_confirm_need_edit	1	U	1	0	0	0	0	0	0	0	0	6	2		DEPRECATE	Superseded by rpc_confirm_need_edit_from_review_v2; client last referenced it 2026-09-18. [needs owner approval + rollback plan]
public	rpc_confirm_need_edit_from_review	1	-	1	0	1	0	0	0	0	0	0	6	5		KEEP	Called by 1 other function(s) (internal building block or wrapper target).
public	rpc_confirm_need_edit_from_review_v2	1	U	1	0	1	0	0	1	1	0	1	5	3		KEEP	Called by the production client (route-reachable module).
public	rpc_delete_draft_need	1	US	1	0	0	0	0	1	1	0	1	3	2		KEEP	Called by the production client (route-reachable module).
public	rpc_discard_profile_avatar	1	U	1	0	0	0	0	1	1	0	1	3	1		KEEP	Called by the production client (route-reachable module).
public	rpc_dispatch_account_closure_action_service	1	S	1	0	2	0	0	0	0	1	0	9	2	Y	KEEP	In the certified closure source digest (76 functions): never change or drop without recertification.
public	rpc_dispatch_media_upload_service	1	S	1	0	0	0	0	0	0	1	0	6	1		KEEP	Called by an Edge function.
public	rpc_dispatch_qa_classification_service	1	S	1	0	0	0	0	0	0	1	0	7	1		KEEP	Called by an Edge function.
public	rpc_dispatch_worker_ai_turn_service	1	S	1	0	0	0	0	0	0	1	0	8	2		KEEP	Called by an Edge function.
public	rpc_execute_retention_job	1	S	1	0	0	0	0	0	0	0	0	5	1		KEEP	Service-role operations/retention/support/QA tool (no Edge caller; proofs and owner scripts use it).
public	rpc_fail_data_export	1	S	1	0	0	0	0	0	0	1	0	5	1		KEEP	Called by an Edge function.
public	rpc_fail_media_upload_service	1	S	1	0	0	0	0	0	0	1	0	3	1		KEEP	Called by an Edge function.
public	rpc_fail_qa_classification_service	1	S	1	0	0	0	0	0	0	1	0	4	0		KEEP	Called by an Edge function.
public	rpc_fail_worker_ai_turn_service	1	S	1	0	0	0	0	0	0	1	0	5	1		KEEP	Called by an Edge function.
public	rpc_finalize_account_closure_service	1	S	1	0	2	0	0	0	0	1	0	6	2	Y	KEEP	In the certified closure source digest (76 functions): never change or drop without recertification.
public	rpc_get_account_block	1	U	1	0	0	0	0	1	1	0	1	12	1		KEEP	Called by the production client (route-reachable module).
public	rpc_get_account_closure	1	U	1	0	0	0	0	1	1	0	1	5	1		KEEP	Called by the production client (route-reachable module).
public	rpc_get_account_closure_receipt	1	U	1	0	0	0	0	1	1	0	1	3	1		KEEP	Called by the production client (route-reachable module).
public	rpc_get_account_reputation	1	U	1	0	0	0	0	1	1	0	1	4	2		KEEP	Called by the production client (route-reachable module).
public	rpc_get_agreement_workspace	1	US	1	0	0	0	0	2	2	0	3	11	3		KEEP	Called by the production client (route-reachable module).
public	rpc_get_data_export_status	1	U	1	0	0	0	0	1	1	1	2	11	2		KEEP	Called by the production client (route-reachable module).
public	rpc_get_legal_bundle	1	AU	1	0	2	0	0	1	1	0	1	9	3		KEEP	Called by the production client (route-reachable module).
public	rpc_get_my_agreement_review	1	U	1	0	0	0	0	2	2	0	1	4	2		KEEP	Called by the production client (route-reachable module).
public	rpc_get_my_safety_report	1	U	1	0	0	0	0	0	0	0	0	5	1		KEEP(staged)	Server read of the caller's safety report, never referenced by the client (git history); REVIEW with the safety flow owner before any change.
public	rpc_get_my_task_relations	1	U	1	0	0	0	0	2	2	0	2	9	0		KEEP	Called by the production client (route-reachable module).
public	rpc_get_need_lifecycle_receipt	1	US	1	0	0	0	0	1	1	0	1	3	1		KEEP	Called by the production client (route-reachable module).
public	rpc_get_need_location_review	1	U	1	0	0	0	0	1	1	0	0	13	1		KEEP	Called by the production client (route-reachable module).
public	rpc_get_need_publication_context	1	U	1	0	0	0	0	2	2	1	1	13	1		KEEP	Called by the production client (route-reachable module).
public	rpc_get_notification_preferences	1	U	1	0	0	0	0	1	1	0	1	7	1		KEEP	Called by the production client (route-reachable module).
public	rpc_get_processor_map_status	1	U	1	0	0	0	0	1	1	0	1	6	1		KEEP	Called by the production client (route-reachable module).
public	rpc_get_public_profile	1	US	1	0	2	0	0	1	1	1	2	20	6		KEEP	Called by the production client (route-reachable module).
public	rpc_get_push_device	1	U	1	0	1	0	0	0	0	0	0	5	2		DEPRECATE	Superseded by rpc_get_push_device_owned / rpc_get_push_session_device; client last referenced it 2026-09-10. [needs owner approval + rollback plan]
public	rpc_get_push_device_owned	1	U	1	0	0	0	0	1	1	0	1	3	1		KEEP	Called by the production client (route-reachable module).
public	rpc_get_push_readiness	1	US	1	0	0	0	0	1	1	0	0	4	2		KEEP	Called by the production client (route-reachable module).
public	rpc_get_push_session_device	1	U	1	0	0	0	0	1	1	0	1	4	1		KEEP	Called by the production client (route-reachable module).
public	rpc_get_requester_profile_for_edit	1	U	1	0	0	0	0	1	1	0	1	6	1		KEEP	Called by the production client (route-reachable module).
public	rpc_get_retention_execution_status	1	U	1	0	0	0	0	1	1	0	1	6	1		KEEP	Called by the production client (route-reachable module).
public	rpc_get_retention_policy_status	1	U	1	0	1	0	0	1	1	0	1	8	2		KEEP	Called by the production client (route-reachable module).
public	rpc_get_worker_availability	1	U	1	0	0	0	0	1	1	0	1	5	1		KEEP	Called by the production client (route-reachable module).
public	rpc_get_worker_calendar	1	U	1	0	0	0	0	1	1	0	1	4	2		KEEP	Called by the production client (route-reachable module).
public	rpc_get_worker_capacity	1	U	1	0	0	0	0	1	1	0	1	7	1		KEEP	Called by the production client (route-reachable module).
public	rpc_get_worker_location	1	U	1	0	0	0	0	1	1	0	0	18	1		KEEP	Called by the production client (route-reachable module).
public	rpc_get_worker_profile_for_edit	1	U	1	0	0	0	0	1	1	0	1	18	1		KEEP	Called by the production client (route-reachable module).
public	rpc_home_attention	1	U	1	0	0	0	0	1	1	0	1	10	0		KEEP	Called by the production client (route-reachable module).
public	rpc_list_account_closure_work_service	1	S	1	0	2	0	0	0	0	1	0	4	2	Y	KEEP	In the certified closure source digest (76 functions): never change or drop without recertification.
public	rpc_list_inbox	1	U	1	0	0	0	0	1	1	0	1	16	2		KEEP	Called by the production client (route-reachable module).
public	rpc_list_location_markets	1	U	1	0	0	0	0	1	1	1	1	5	1		KEEP	Called by the production client (route-reachable module).
public	rpc_list_my_account_blocks	1	U	1	0	0	0	0	1	1	0	1	4	1		KEEP	Called by the production client (route-reachable module).
public	rpc_list_my_agreements	1	US	1	0	0	0	0	0	0	0	0	4	2		DEPRECATE	Unpaged list superseded by rpc_list_my_agreements_page (called ~1000x on DEV); client stopped referencing it only on 2026-09-24, so installed APKs older than that may still call it: narrow only after client roll-over. [needs owner approval + rollback plan]
public	rpc_list_my_agreements_page	1	U	1	0	0	0	0	1	1	0	2	9	0		KEEP	Called by the production client (route-reachable module).
public	rpc_list_my_applications	1	U	1	0	0	0	0	1	1	0	1	19	1		KEEP	Called by the production client (route-reachable module).
public	rpc_list_my_applications_page	1	U	1	0	0	0	0	0	0	0	0	8	0		KEEP(staged)	Server-side paging for own applications, not yet wired in the client (P6 plan 6.7: paginated personal lists); keep.
public	rpc_list_my_needs_page	1	U	1	0	0	0	0	0	0	0	0	14	0		KEEP(staged)	Server-side paging for own tasks, not yet wired in the client (P6 plan 6.7); keep.
public	rpc_list_my_tasks	1	US	1	0	0	0	0	1	1	0	1	7	0		KEEP	Called by the production client (route-reachable module).
public	rpc_list_need_candidates	1	U	1	0	0	0	0	2	2	0	1	15	2		KEEP	Called by the production client (route-reachable module).
public	rpc_list_open_tasks_v3	0	U	1	0	0	0	0	1	1	0	3	23	0		KEEP	Called by the production client (route-reachable module).
public	rpc_mark_activity_event_read	1	U	1	0	1	0	0	1	1	0	1	11	2		KEEP	Called by the production client (route-reachable module).
public	rpc_mark_agreement_messages_read	1	U	1	0	0	0	0	2	2	0	0	5	0		KEEP	Called by the production client (route-reachable module).
public	rpc_mark_displayed_agreement_messages_v1	1	U	1	0	0	0	0	1	1	0	1	6	0		KEEP	Called by the production client (route-reachable module).
public	rpc_mark_group_messages_read_v5	1	U	1	0	0	0	0	1	1	0	0	3	1		KEEP	Called by the production client (route-reachable module).
public	rpc_mark_inbox_read	1	U	1	0	0	0	0	1	1	0	1	10	2		KEEP	Called by the production client (route-reachable module).
public	rpc_mark_response_viewed	1	U	1	0	0	0	0	2	2	0	1	3	3		KEEP	Called by the production client (route-reachable module).
public	rpc_mark_work_done	1	US	1	0	0	0	0	3	3	0	1	15	5		KEEP	Called by the production client (route-reachable module).
public	rpc_open_worker_ai	1	U	1	0	0	0	0	1	1	0	0	9	1		KEEP	Called by the production client (route-reachable module).
public	rpc_patch_worker_ai	1	U	1	0	0	0	0	1	1	0	0	6	1		KEEP	Called by the production client (route-reachable module).
public	rpc_prepare_account_closure	1	U	1	0	0	0	0	1	1	0	1	18	1		KEEP	Called by the production client (route-reachable module).
public	rpc_prepare_ai_task_review	1	U	1	0	0	0	0	1	1	0	1	12	2		KEEP	Called by the production client (route-reachable module).
public	rpc_prepare_worker_ai_review	1	U	1	0	0	0	0	1	1	0	1	4	1		KEEP	Called by the production client (route-reachable module).
public	rpc_propose_agreement_change	0	-	1	0	0	0	0	0	0	0	0	4	2		DEPRECATE->DROP	Revoked from every API role, unreachable in the DB call graph; replaced by rpc_propose_agreement_change_v2 (client last referenced it 2026-09-11). [needs owner approval + rollback plan]
public	rpc_propose_agreement_change_v2	1	US	1	0	1	0	0	2	2	0	2	15	6		KEEP	Called by the production client (route-reachable module).
public	rpc_publish_accepted_ai_task_review	1	U	1	0	0	0	0	1	1	0	1	8	1		KEEP	Called by the production client (route-reachable module).
public	rpc_publish_need	0	-	1	0	0	0	0	0	0	0	0	8	6		DEPRECATE->DROP	Revoked from every API role, unreachable in the DB call graph; replaced by rpc_publish_need_canonical (client last referenced it 2026-09-18). [needs owner approval + rollback plan]
public	rpc_publish_need_canonical	1	U	1	0	1	0	0	2	2	0	1	12	4		KEEP	Called by the production client (route-reachable module).
public	rpc_publish_processor_map	1	S	1	0	0	0	0	0	0	0	0	7	1		KEEP	Service-role operations/retention/support/QA tool (no Edge caller; proofs and owner scripts use it).
public	rpc_publish_retention_policy	1	S	1	0	0	0	0	0	0	0	0	11	1		KEEP	Service-role operations/retention/support/QA tool (no Edge caller; proofs and owner scripts use it).
public	rpc_read_account_closure_execution	1	U	1	0	3	0	0	1	1	0	0	4	3	Y	KEEP	In the certified closure source digest (76 functions): never change or drop without recertification.
public	rpc_read_account_lineage_service	1	S	1	0	0	0	0	0	0	0	0	6	0		KEEP	Service-role operations/retention/support/QA tool (no Edge caller; proofs and owner scripts use it).
public	rpc_read_agreement_current_location	1	U	1	0	0	0	0	1	0	0	1	3	1		DEPRECATE	Agreement current-location UI was retired (AGENTS.md R7); only the test-only service src/data/agreementCurrentLocationService.ts still names it; backing table private.agreement_location_points has 0 rows. [needs owner approval + rollback plan]
public	rpc_read_agreement_location_command	1	U	1	0	0	0	0	1	0	0	1	3	1		DEPRECATE	Same retired feature as rpc_read_agreement_current_location. [needs owner approval + rollback plan]
public	rpc_read_agreement_message_window_v1	1	U	1	0	0	0	0	1	1	0	1	10	0		KEEP	Called by the production client (route-reachable module).
public	rpc_read_agreement_messages_page_v1	1	U	1	0	0	0	0	1	1	0	1	6	0		KEEP	Called by the production client (route-reachable module).
public	rpc_read_agreement_photo_messages_v5	1	U	1	0	4	0	0	1	1	0	1	7	2	Y	KEEP	In the certified closure source digest (76 functions): never change or drop without recertification.
public	rpc_read_ai_task_review	1	U	1	0	1	0	0	1	1	0	1	5	1		KEEP	Called by the production client (route-reachable module).
public	rpc_read_group_command_v5	1	U	1	0	0	0	0	1	1	0	0	3	1		KEEP	Called by the production client (route-reachable module).
public	rpc_read_group_context_v5	1	U	1	0	0	0	0	1	1	0	1	4	1		KEEP	Called by the production client (route-reachable module).
public	rpc_read_group_messages_v5	1	U	1	0	0	0	0	1	1	0	0	3	1		KEEP	Called by the production client (route-reachable module).
public	rpc_read_latest_ai_task_review	1	U	1	0	0	0	0	1	1	0	1	4	1		KEEP	Called by the production client (route-reachable module).
public	rpc_read_media_asset_service	1	S	1	0	0	0	0	0	0	1	0	3	1		KEEP	Called by an Edge function.
public	rpc_read_media_upload	1	U	1	0	0	0	0	1	1	0	1	8	1		KEEP	Called by the production client (route-reachable module).
public	rpc_read_my_legal_acceptance	1	U	1	0	0	0	0	1	1	0	1	4	1		KEEP	Called by the production client (route-reachable module).
public	rpc_read_my_safety_report_command	1	U	1	0	0	0	0	1	1	0	1	4	1		KEEP	Called by the production client (route-reachable module).
public	rpc_read_need_media_assets_service	1	S	1	0	0	0	0	0	0	2	0	4	1		KEEP	Called by an Edge function.
public	rpc_read_preselection_qa_command	1	U	1	0	1	0	0	1	1	0	0	4	2		KEEP	Called by the production client (route-reachable module).
public	rpc_read_preselection_qa_context	1	U	1	0	1	0	0	1	1	0	1	10	3		KEEP	Called by the production client (route-reachable module).
public	rpc_read_profile_avatar	1	U	1	0	1	0	0	1	1	1	0	4	1		KEEP	Called by the production client (route-reachable module).
public	rpc_read_qa_classification	1	U	1	0	0	0	0	1	1	0	0	6	1		KEEP	Called by the production client (route-reachable module).
public	rpc_read_safety_target	1	U	1	0	0	0	0	1	1	0	1	3	0		KEEP	Called by the production client (route-reachable module).
public	rpc_read_task	0	US	1	0	1	0	0	2	2	0	2	7	0		KEEP	Called by the production client (route-reachable module).
public	rpc_read_task_photos	1	U	1	0	1	0	0	1	1	0	0	6	1		KEEP	Called by the production client (route-reachable module).
public	rpc_read_worker_ai	1	U	1	0	0	0	0	1	1	0	1	6	1		KEEP	Called by the production client (route-reachable module).
public	rpc_read_worker_ai_context_service	1	S	1	0	2	0	0	0	0	2	1	8	3		KEEP	Called by an Edge function.
public	rpc_read_worker_ai_turn_recovery	1	U	1	0	0	0	0	1	1	0	1	4	1		KEEP	Called by the production client (route-reachable module).
public	rpc_record_need_publication_decision_service	1	S	1	0	1	0	0	0	0	1	0	11	7		KEEP	Called by an Edge function.
public	rpc_record_push_readiness	1	S	1	0	0	0	0	0	0	1	0	7	1		KEEP	Called by an Edge function.
public	rpc_redact_account_closure_step_service	1	S	1	0	2	0	0	0	0	1	0	7	1	Y	KEEP	In the certified closure source digest (76 functions): never change or drop without recertification.
public	rpc_remove_task_photo	1	U	1	0	1	0	0	1	1	0	0	5	1		KEEP	Called by the production client (route-reachable module).
public	rpc_renew_data_export_lease	1	S	1	0	0	0	0	0	0	0	0	3	1		KEEP	Service-role operations/retention/support/QA tool (no Edge caller; proofs and owner scripts use it).
public	rpc_report_problem	1	US	1	0	1	0	0	1	1	0	1	10	7		KEEP	Called by the production client (route-reachable module).
public	rpc_request_data_export	1	U	1	0	0	0	0	1	1	0	1	15	2		KEEP	Called by the production client (route-reachable module).
public	rpc_resolve_activity_event	0	U	1	0	0	0	0	1	1	0	0	13	2		KEEP	Called by the production client (route-reachable module).
public	rpc_resolve_activity_message_v1	1	U	1	0	0	0	0	1	1	0	1	5	0		KEEP	Called by the production client (route-reachable module).
public	rpc_resolve_data_export_download	1	S	1	0	0	0	0	0	0	1	0	5	1		KEEP	Called by an Edge function.
public	rpc_resolve_stale_response_after_need_edit	1	U	1	0	0	0	0	1	1	0	0	8	2		KEEP	Called by the production client (route-reachable module).
public	rpc_respond_agreement_change	1	US	1	0	1	0	0	2	2	0	1	15	7		KEEP	Called by the production client (route-reachable module).
public	rpc_retire_push_account	1	S	1	0	0	0	0	0	0	0	0	3	1		KEEP	Service-role operations/retention/support/QA tool (no Edge caller; proofs and owner scripts use it).
public	rpc_reveal_contact	1	US	1	0	0	0	0	1	1	0	1	5	5		KEEP	Called by the production client (route-reachable module).
public	rpc_review_account_closure_execution	1	U	1	0	2	0	0	1	1	0	0	17	2	Y	KEEP	In the certified closure source digest (76 functions): never change or drop without recertification.
public	rpc_revoke_data_export_download	1	U	1	0	0	0	0	1	1	0	1	4	1		KEEP	Called by the production client (route-reachable module).
public	rpc_revoke_push_session	1	U	1	0	0	0	0	1	1	0	0	3	1		KEEP	Called by the production client (route-reachable module).
public	rpc_rotate_push_device_owned	1	U	1	0	0	0	0	1	1	0	1	3	1		KEEP	Called by the production client (route-reachable module).
public	rpc_ru4b_answer_preselection_question	1	US	1	0	1	0	0	1	1	0	1	7	3		KEEP	Called by the production client (route-reachable module).
public	rpc_ru4b_ask_preselection_question	1	US	1	0	1	0	0	1	1	0	1	10	3		KEEP	Called by the production client (route-reachable module).
public	rpc_ru4b_disposition_preselection_question	1	US	1	0	0	0	0	1	1	0	1	3	1		KEEP	Called by the production client (route-reachable module).
public	rpc_ru4b_owner_preselection_questions	1	US	1	0	0	0	0	1	1	0	1	3	1		KEEP	Called by the production client (route-reachable module).
public	rpc_ru4b_public_preselection_qa	1	US	1	0	0	0	0	1	1	0	0	9	2		KEEP	Called by the production client (route-reachable module).
public	rpc_ru4b_record_materiality_decision_service	1	S	1	0	1	0	0	0	0	0	0	2	3		KEEP	Called by 1 other function(s) (internal building block or wrapper target).
public	rpc_ru4b_record_policy_decision_service	1	S	1	0	1	0	0	0	0	0	0	2	3		KEEP	Called by 1 other function(s) (internal building block or wrapper target).
public	rpc_save_need_draft_from_review	1	US	1	0	2	0	0	2	2	0	2	26	7		KEEP	Called by the production client (route-reachable module).
public	rpc_save_need_location_review	1	U	1	0	1	0	0	1	1	0	1	9	4		KEEP	Called by the production client (route-reachable module).
public	rpc_save_requester_profile	1	U	1	0	0	0	0	1	1	0	1	5	1		KEEP	Called by the production client (route-reachable module).
public	rpc_save_worker_ai_review	1	U	1	0	0	0	0	1	1	0	1	4	1		KEEP	Called by the production client (route-reachable module).
public	rpc_save_worker_availability	1	U	1	0	1	0	0	1	1	0	1	8	5		KEEP	Called by the production client (route-reachable module).
public	rpc_save_worker_capacity	1	U	1	0	1	0	0	1	1	0	1	9	3		KEEP	Called by the production client (route-reachable module).
public	rpc_save_worker_location	1	U	1	0	1	0	0	1	1	0	1	23	5		KEEP	Called by the production client (route-reachable module).
public	rpc_select_response	1	US	1	0	0	0	0	2	2	0	1	63	12		KEEP	Called by the production client (route-reachable module).
public	rpc_send_agreement_message	1	US	1	0	1	0	0	0	0	0	0	25	8		DEPRECATE	V1 message send exposed to authenticated+service_role; superseded by rpc_send_agreement_message_v2; client last referenced it 2026-09-11. [needs owner approval + rollback plan]
public	rpc_send_agreement_message_v2	1	U	1	0	0	0	0	1	1	0	1	25	1		KEEP	Called by the production client (route-reachable module).
public	rpc_send_agreement_photo_message_v5	1	U	1	0	2	0	0	1	1	0	1	7	1	Y	KEEP	In the certified closure source digest (76 functions): never change or drop without recertification.
public	rpc_send_group_message_v5	1	U	1	0	0	0	0	1	1	0	0	4	1		KEEP	Called by the production client (route-reachable module).
public	rpc_set_account_block	1	U	1	0	0	0	0	1	1	0	1	12	1		KEEP	Called by the production client (route-reachable module).
public	rpc_set_contact_grant	1	US	1	0	0	0	0	1	1	0	2	6	5		KEEP	Called by the production client (route-reachable module).
public	rpc_set_notification_preferences	1	U	1	0	0	0	0	1	1	0	0	7	2		KEEP	Called by the production client (route-reachable module).
public	rpc_set_push_device	1	-	1	0	2	0	0	0	0	0	0	7	2		KEEP	Called by 2 other function(s) (internal building block or wrapper target).
public	rpc_set_push_device_owned	1	U	1	0	0	0	0	1	1	0	1	7	1		KEEP	Called by the production client (route-reachable module).
public	rpc_set_retention_hold	1	S	1	0	0	0	0	0	0	0	0	8	1		KEEP	Service-role operations/retention/support/QA tool (no Edge caller; proofs and owner scripts use it).
public	rpc_settle_media_upload_service	1	S	1	0	0	0	0	0	0	1	0	6	1		KEEP	Called by an Edge function.
public	rpc_stage_media_upload_service	1	S	1	0	0	0	0	0	0	1	0	6	1		KEEP	Called by an Edge function.
public	rpc_start_account_closure_execution	1	U	1	0	3	0	0	1	1	0	1	17	4	Y	KEEP	In the certified closure source digest (76 functions): never change or drop without recertification.
public	rpc_storage_account_open	1	U	1	0	5	32	0	0	0	0	0	16	1		KEEP	Referenced by 32 RLS policy expression(s).
public	rpc_submit_agreement_review	1	U	1	0	0	0	0	1	1	0	1	4	1		KEEP	Called by the production client (route-reachable module).
public	rpc_submit_classified_preselection_qa	1	U	1	0	0	0	0	0	0	1	0	6	1		KEEP	Called by an Edge function.
public	rpc_submit_response	1	US	1	0	0	0	0	4	4	0	2	58	7		KEEP	Called by the production client (route-reachable module).
public	rpc_submit_safety_report	1	U	1	0	0	0	0	1	1	0	0	10	1		KEEP	Called by the production client (route-reachable module).
public	rpc_support_cancel_command_v5	1	U	1	0	3	0	0	1	1	0	0	4	1	Y	KEEP	In the certified closure source digest (76 functions): never change or drop without recertification.
public	rpc_support_capabilities_v5	1	U	1	0	3	0	0	1	1	0	0	3	1	Y	KEEP	In the certified closure source digest (76 functions): never change or drop without recertification.
public	rpc_support_detail_v5	1	U	1	0	3	0	0	1	1	0	0	5	1	Y	KEEP	In the certified closure source digest (76 functions): never change or drop without recertification.
public	rpc_support_find_context_v5	1	U	1	0	3	0	0	1	1	0	0	4	1	Y	KEEP	In the certified closure source digest (76 functions): never change or drop without recertification.
public	rpc_support_inbox_v5	1	U	1	0	3	0	0	1	1	0	0	3	1	Y	KEEP	In the certified closure source digest (76 functions): never change or drop without recertification.
public	rpc_support_mark_read_v5	1	U	1	0	3	0	0	1	1	0	1	3	2	Y	KEEP	In the certified closure source digest (76 functions): never change or drop without recertification.
public	rpc_support_media_service_v5	1	S	1	0	2	0	0	0	0	1	0	6	2	Y	KEEP	In the certified closure source digest (76 functions): never change or drop without recertification.
public	rpc_support_read_command_v5	1	U	1	0	3	0	0	1	1	0	1	4	1	Y	KEEP	In the certified closure source digest (76 functions): never change or drop without recertification.
public	rpc_support_set_operator_service_v5	1	S	1	0	2	0	0	0	0	0	0	4	2	Y	KEEP	In the certified closure source digest (76 functions): never change or drop without recertification.
public	rpc_support_submit_v5	1	U	1	0	3	0	0	1	1	0	1	6	1	Y	KEEP	In the certified closure source digest (76 functions): never change or drop without recertification.
public	rpc_tick_auto_completion	1	S	1	0	1	0	0	0	0	0	0	12	9		KEEP	Called by 1 other function(s) (internal building block or wrapper target).
public	rpc_urgent_activation_preview	1	US	1	0	0	0	0	0	0	0	0	3	2		KEEP(staged)	Same staged HITNO capability.
public	rpc_withdraw_agreement_change	1	U	1	0	0	0	0	1	1	0	1	4	1		KEEP	Called by the production client (route-reachable module).
public	rpc_withdraw_response	1	US	1	0	0	0	0	2	2	0	1	7	4		KEEP	Called by the production client (route-reachable module).
public	rpc_write_agreement_current_location	1	U	1	0	0	0	0	1	0	0	1	3	1		DEPRECATE	Same retired feature as rpc_read_agreement_current_location. [needs owner approval + rollback plan]
public	selectable_application_count	1	U	1	0	2	0	0	1	1	0	1	6	0		KEEP	Called by the production client (route-reachable module).
public	set_updated_at	0	S	1	1	0	0	4	0	0	0	0	2	6		KEEP	Trigger function (used by 4 trigger(s)).
