file	group	decision	after	open_package	last_run	total_runs	trigger	name	reason
ai-draft-authority-proof.yml	F	ARCHIVE		-	2026-09-07 (23d) ok @fix/ai-draft-authority-2..	3	push[frozen x1] D	AI DRAFT server authority authenticated proof	RU-era / Sept 3-11 package or native proof; trigger names only a merged branch (DELETE list); last run 19-27 days ago.
ai-review-mobile-proof.yml	F	ARCHIVE		-	2026-09-11 (19d) FAIL @feat/v2-native-journey-c..	14	D C	W03 native owned AI and human review	RU-era / Sept 3-11 package or native proof; trigger names only a merged branch (DELETE list); last run 19-27 days ago.
d03-chat-mobile-proof.yml	F	ARCHIVE		-	2026-09-07 (23d) cancelled @fix/d03-chat-recovery-20..	6	push[frozen x1] D	D03 chat recovery physical Android proof	RU-era / Sept 3-11 package or native proof; trigger names only a merged branch (DELETE list); last run 19-27 days ago; near-duplicate cluster K5.
d03-message-retry-proof.yml	F	ARCHIVE		-	2026-09-07 (23d) ok @fix/d03-message-retry-20..	4	push[frozen x1] D	D03 stable message authenticated proof	RU-era / Sept 3-11 package or native proof; trigger names only a merged branch (DELETE list); last run 19-27 days ago; near-duplicate cluster K4.
intent-shell-mobile-proof.yml	F	ARCHIVE		-	2026-09-11 (19d) ok @feat/v2-native-journey-c..	18	push[frozen x2] D	Intent shell physical Android proof	RU-era / Sept 3-11 package or native proof; trigger names only a merged branch (DELETE list); last run 19-27 days ago; near-duplicate cluster K5.
notifications-n01-message-event-proof.yml	F	ARCHIVE		P4/push	2026-09-07 (23d) ok @proof/notifications-n01-..	1	push[frozen x1] D	N01 Agreement message durable event proof	RU-era / Sept 3-11 package or native proof; trigger names only a merged branch (DELETE list); last run 19-27 days ago; near-duplicate cluster K4.
notifications-n02-selection-event-proof.yml	F	ARCHIVE		P4/push	2026-09-07 (23d) ok @proof/notifications-n02-..	1	push[frozen x1] D	N02 successful Selection durable Worker event proof	RU-era / Sept 3-11 package or native proof; trigger names only a merged branch (DELETE list); last run 19-27 days ago; near-duplicate cluster K4.
notifications-n03-inbox-proof.yml	F	ARCHIVE		P4/push	2026-09-07 (23d) ok @proof/notifications-n03-..	1	push[frozen x1] D	N03 event Inbox authenticated proof	RU-era / Sept 3-11 package or native proof; trigger names only a merged branch (DELETE list); last run 19-27 days ago; near-duplicate cluster K4.
notifications-n04-inbox-mobile-proof.yml	F	ARCHIVE		P4/push	2026-09-07 (23d) ok @proof/notifications-n04-..	1	push[frozen x1] D	N04 physical Android Inbox proof	RU-era / Sept 3-11 package or native proof; trigger names only a merged branch (DELETE list); last run 19-27 days ago; near-duplicate cluster K5.
notifications-n05-agreement-change-proof.yml	F	ARCHIVE		P4/push	2026-09-11 (19d) cancelled @feat/v2-agreement-change..	4	push[frozen x1] D	N05 Agreement change authenticated proof	RU-era / Sept 3-11 package or native proof; trigger names only a merged branch (DELETE list); last run 19-27 days ago; near-duplicate cluster K4.
notifications-n07-forward-admission-proof.yml	F	ARCHIVE		P4/push	2026-09-07 (23d) ok @docs/n07-live84-20260907	3	push[frozen x1] D	N07 exact forward notification admission proof	RU-era / Sept 3-11 package or native proof; trigger names only a merged branch (DELETE list); last run 19-27 days ago; near-duplicate cluster K4.
notifications-n08-preferences-proof.yml	F	ARCHIVE		P4/push	2026-09-07 (23d) ok @docs/n08-live85-20260907	10	push[frozen x1] D	N08 notification preferences authenticated proof	RU-era / Sept 3-11 package or native proof; trigger names only a merged branch (DELETE list); last run 19-27 days ago; near-duplicate cluster K4.
p0d02-selection-semantic-idempotency-proof.yml	F	ARCHIVE		-	2026-09-06 (24d) ok @proof/p0d02-selection-se..	9	push[frozen x1] D	P0D-02 Selection Semantic Idempotency proof	RU-era / Sept 3-11 package or native proof; trigger names only a merged branch (DELETE list); last run 19-27 days ago.
p0d03-requester-connection-activation-v1-proof.yml	F	ARCHIVE		-	2026-09-06 (24d) ok @proof/p0d03-requester-co..	14	push[frozen x1] D	P0D-03 Requester Connection Activation V1 proof	RU-era / Sept 3-11 package or native proof; trigger names only a merged branch (DELETE list); last run 19-27 days ago.
p0e-completion-guards-proof.yml	F	ARCHIVE		-	2026-09-08 (22d) ok @fix/p0e-completion-guard..	5	push[frozen x1] D	P0E completion guards authenticated proof	RU-era / Sept 3-11 package or native proof; trigger names only a merged branch (DELETE list); last run 19-27 days ago.
pkg003-manual-task-proof.yml	E	ARCHIVE		-	2026-09-25 (5d) ok @canon	31	push[old-pre-v3] self paths10 D	PKG-003 manual task proof	Server package applied/closed (receipt in `supabase/operations/dev-alpha/ledger/`); trigger names only the frozen pre-v3 branch, so it already runs by manual dispatch only.
pkg004-need-lifecycle-proof.yml	E	ARCHIVE		-	2026-09-25 (5d) ok @canon	59	push[old-pre-v3] self paths23 D	PKG-004 need lifecycle proof	Server package applied/closed (receipt in `supabase/operations/dev-alpha/ledger/`); trigger names only the frozen pre-v3 branch, so it already runs by manual dispatch only.
pkg005-worker-onboarding-proof.yml	E	ARCHIVE		-	2026-09-25 (5d) ok @canon	42	push[old-pre-v3] self paths12 D	PKG-005 Worker onboarding proof	Server package applied/closed (receipt in `supabase/operations/dev-alpha/ledger/`); trigger names only the frozen pre-v3 branch, so it already runs by manual dispatch only.
pkg007-agreement-completion-proof.yml	E	ARCHIVE		-	2026-09-25 (5d) ok @canon	52	push[old-pre-v3] self paths20 D	PKG-007 agreement completion proof	Server package applied/closed (receipt in `supabase/operations/dev-alpha/ledger/`); trigger names only the frozen pre-v3 branch, so it already runs by manual dispatch only.
pkg008-task-photo-recovery-proof.yml	E	ARCHIVE		-	2026-09-24 (6d) ok @canon	14	push[old-pre-v3] self paths11 D	PKG-008 task photo recovery proof	Server package applied/closed (receipt in `supabase/operations/dev-alpha/ledger/`); trigger names only the frozen pre-v3 branch, so it already runs by manual dispatch only.
pkg015-dev-data-lineage-proof.yml	E	ARCHIVE		-	2026-09-17 (13d) ok @old-pre-v3	2	push[old-pre-v3] self paths3 D	PKG-015 DEV data lineage proof	Server package applied/closed (receipt in `supabase/operations/dev-alpha/ledger/`); trigger names only the frozen pre-v3 branch, so it already runs by manual dispatch only; near-duplicate cluster K12 (CONSOLIDATE into one parameterised reusable workflow at C1).
pkg023-v3-reads-and-pin-proof.yml	E	ARCHIVE		-	2026-09-19 (11d) ok @old-pre-v3	15	push[old-pre-v3] self paths3 D	PKG-023 V3 bounded reads and public pin proof	Server package applied/closed (receipt in `supabase/operations/dev-alpha/ledger/`); trigger names only the frozen pre-v3 branch, so it already runs by manual dispatch only.
pkg023f-closure-recertification-proof.yml	E	ARCHIVE		-	2026-09-23 (7d) ok @old-pre-v3	32	push[old-pre-v3] self paths4 D	PKG-023f closure source re-certification proof	Server package applied/closed (receipt in `supabase/operations/dev-alpha/ledger/`); trigger names only the frozen pre-v3 branch, so it already runs by manual dispatch only.
pkg023j-home-attention-proof.yml	E	ARCHIVE		-	2026-09-21 (9d) ok @old-pre-v3	3	push[old-pre-v3] self paths3 D	PKG-023j Home attention proof	Server package applied/closed (receipt in `supabase/operations/dev-alpha/ledger/`); trigger names only the frozen pre-v3 branch, so it already runs by manual dispatch only.
pkg027-owner-approved-fixes-proof.yml	E	ARCHIVE		-	2026-09-23 (7d) ok @old-pre-v3	23	push[old-pre-v3] self paths4 D	PKG-027 owner-approved fixes proof	Server package applied/closed (receipt in `supabase/operations/dev-alpha/ledger/`); trigger names only the frozen pre-v3 branch, so it already runs by manual dispatch only; near-duplicate cluster K3 (CONSOLIDATE into one parameterised reusable workflow at C1).
pkg028-workers-and-past-tasks-proof.yml	E	ARCHIVE		-	2026-09-21 (9d) ok @old-pre-v3	7	push[old-pre-v3] self paths3 D	PKG-028 workers and past tasks proof	Server package applied/closed (receipt in `supabase/operations/dev-alpha/ledger/`); trigger names only the frozen pre-v3 branch, so it already runs by manual dispatch only.
pkg029-server-round-proof.yml	E	ARCHIVE		-	2026-09-21 (9d) ok @old-pre-v3	4	push[old-pre-v3] self paths3 D	PKG-029 server round proof	Server package applied/closed (receipt in `supabase/operations/dev-alpha/ledger/`); trigger names only the frozen pre-v3 branch, so it already runs by manual dispatch only; near-duplicate cluster K3 (CONSOLIDATE into one parameterised reusable workflow at C1).
pkg030-workers-secret-key-proof.yml	E	ARCHIVE		-	2026-09-21 (9d) ok @old-pre-v3	1	push[old-pre-v3] self paths7 D	PKG-030 workers take the secret key proof	Server package applied/closed (receipt in `supabase/operations/dev-alpha/ledger/`); trigger names only the frozen pre-v3 branch, so it already runs by manual dispatch only.
pkg031-owner-rules-proof.yml	E	ARCHIVE		-	2026-09-21 (9d) ok @old-pre-v3	1	push[old-pre-v3] self paths3 D	PKG-031 owner rules proof	Server package applied/closed (receipt in `supabase/operations/dev-alpha/ledger/`); trigger names only the frozen pre-v3 branch, so it already runs by manual dispatch only; near-duplicate cluster K3 (CONSOLIDATE into one parameterised reusable workflow at C1).
pkg032-cancel-reason-guard-proof.yml	E	ARCHIVE		-	2026-09-21 (9d) ok @old-pre-v3	2	push[old-pre-v3] self paths3 D	PKG-032 cancel reason and guard proof	Server package applied/closed (receipt in `supabase/operations/dev-alpha/ledger/`); trigger names only the frozen pre-v3 branch, so it already runs by manual dispatch only; near-duplicate cluster K3 (CONSOLIDATE into one parameterised reusable workflow at C1).
pkg033-application-admission-proof.yml	E	ARCHIVE		-	2026-09-21 (9d) ok @old-pre-v3	2	push[old-pre-v3] self paths3 D	PKG-033 application admission proof	Server package applied/closed (receipt in `supabase/operations/dev-alpha/ledger/`); trigger names only the frozen pre-v3 branch, so it already runs by manual dispatch only; near-duplicate cluster K3 (CONSOLIDATE into one parameterised reusable workflow at C1).
pkg034-closure-preparation-proof.yml	E	ARCHIVE		-	2026-09-21 (9d) ok @old-pre-v3	1	push[old-pre-v3] self paths3 D	PKG-034 closure preparation proof	Server package applied/closed (receipt in `supabase/operations/dev-alpha/ledger/`); trigger names only the frozen pre-v3 branch, so it already runs by manual dispatch only; near-duplicate cluster K3 (CONSOLIDATE into one parameterised reusable workflow at C1).
pkg035-selectable-applications-proof.yml	E	ARCHIVE		-	2026-09-21 (9d) ok @old-pre-v3	4	push[old-pre-v3] self paths3 D	PKG-035 selectable applications proof	Server package applied/closed (receipt in `supabase/operations/dev-alpha/ledger/`); trigger names only the frozen pre-v3 branch, so it already runs by manual dispatch only; near-duplicate cluster K3 (CONSOLIDATE into one parameterised reusable workflow at C1).
pkg037-publication-recovery-proof.yml	E	ARCHIVE		-	2026-09-23 (7d) ok @old-pre-v3	3	push[old-pre-v3] self paths5 D	PKG-037 publication recovery proof	Server package applied/closed (receipt in `supabase/operations/dev-alpha/ledger/`); trigger names only the frozen pre-v3 branch, so it already runs by manual dispatch only; near-duplicate cluster K3 (CONSOLIDATE into one parameterised reusable workflow at C1).
pkg038-conversation-semantics-proof.yml	E	ARCHIVE		-	2026-09-22 (8d) ok @old-pre-v3	8	push[old-pre-v3] self paths6 D	PKG-038 conversation semantics proof	Server package applied/closed (receipt in `supabase/operations/dev-alpha/ledger/`); trigger names only the frozen pre-v3 branch, so it already runs by manual dispatch only; near-duplicate cluster K1 (CONSOLIDATE into one parameterised reusable workflow at C1).
pkg039-interview-recovery-proof.yml	E	ARCHIVE		-	2026-09-22 (8d) ok @old-pre-v3	6	push[old-pre-v3] self paths6 D	PKG-039 interview recovery proof	Server package applied/closed (receipt in `supabase/operations/dev-alpha/ledger/`); trigger names only the frozen pre-v3 branch, so it already runs by manual dispatch only; near-duplicate cluster K1 (CONSOLIDATE into one parameterised reusable workflow at C1).
pkg040-interview-recovery-proof.yml	E	ARCHIVE		-	2026-09-22 (8d) ok @old-pre-v3	6	push[old-pre-v3] self paths7 D	PKG-040 Q&A recovery proof	Server package applied/closed (receipt in `supabase/operations/dev-alpha/ledger/`); trigger names only the frozen pre-v3 branch, so it already runs by manual dispatch only; near-duplicate cluster K1 (CONSOLIDATE into one parameterised reusable workflow at C1).
pkg042-home-read-parity-proof.yml	E	ARCHIVE		-	2026-09-25 (5d) ok @canon	15	push[old-pre-v3] self paths11 D	PKG-042 application reader parity proof	Server package applied/closed (receipt in `supabase/operations/dev-alpha/ledger/`); trigger names only the frozen pre-v3 branch, so it already runs by manual dispatch only; near-duplicate cluster K1 (CONSOLIDATE into one parameterised reusable workflow at C1).
pkg046-media-cancel-proof.yml	E	ARCHIVE		-	2026-09-24 (6d) ok @canon	5	push[old-pre-v3] self paths7 D	PKG-046 media upload cancellation proof	Server package applied/closed (receipt in `supabase/operations/dev-alpha/ledger/`); trigger names only the frozen pre-v3 branch, so it already runs by manual dispatch only; near-duplicate cluster K1 (CONSOLIDATE into one parameterised reusable workflow at C1).
pkg047-safety-target-proof.yml	E	ARCHIVE		-	2026-09-24 (6d) ok @canon	6	push[old-pre-v3] self paths8 D	PKG-047 safety target proof	Server package applied/closed (receipt in `supabase/operations/dev-alpha/ledger/`); trigger names only the frozen pre-v3 branch, so it already runs by manual dispatch only; near-duplicate cluster K1 (CONSOLIDATE into one parameterised reusable workflow at C1).
pkg048-agreement-links-proof.yml	E	ARCHIVE		-	2026-09-24 (6d) ok @canon	8	push[old-pre-v3] self paths4 D	PKG-048 agreement source links proof	Server package applied/closed (receipt in `supabase/operations/dev-alpha/ledger/`); trigger names only the frozen pre-v3 branch, so it already runs by manual dispatch only; near-duplicate cluster K1 (CONSOLIDATE into one parameterised reusable workflow at C1).
pkg050-agreement-messages-read-proof.yml	E	ARCHIVE		-	2026-09-25 (5d) ok @canon	15	push[old-pre-v3] self paths5 D	PKG-050 agreement messages read proof	Server package applied/closed (receipt in `supabase/operations/dev-alpha/ledger/`); trigger names only the frozen pre-v3 branch, so it already runs by manual dispatch only; near-duplicate cluster K1 (CONSOLIDATE into one parameterised reusable workflow at C1).
r18-refusal-evidence-20260926.yml	G	ARCHIVE		-	2026-09-26 (4d) ok @canon	1	push[canon] self paths1 D	Record R18 refusal evidence once	One-shot release-hardening R18 evidence/record workflow (2026-09-26, exact SHAs pinned); results are in `docs/implementation/release-hardening-20260926/`; `r18-storage-apk-*` call `build-android-dev-apk`.
r18-storage-apk-20260926.yml	G	ARCHIVE		-	2026-09-26 (4d) ok @canon	1	push[canon] self paths1 D	Request verified R18 storage Android APK	One-shot release-hardening R18 evidence/record workflow (2026-09-26, exact SHAs pinned); results are in `docs/implementation/release-hardening-20260926/`; `r18-storage-apk-*` call `build-android-dev-apk`.
r18-storage-apk-record-20260926.yml	G	ARCHIVE		-	2026-09-26 (4d) ok @canon	1	push[canon] self paths1 D	Record verified R18 storage APK	One-shot release-hardening R18 evidence/record workflow (2026-09-26, exact SHAs pinned); results are in `docs/implementation/release-hardening-20260926/`; `r18-storage-apk-*` call `build-android-dev-apk`.
r18-storage-integrity-20260926.yml	G	ARCHIVE		-	2026-09-26 (4d) ok @canon	1	push[canon] self paths2 D	R18 storage integrity red-green proof	One-shot release-hardening R18 evidence/record workflow (2026-09-26, exact SHAs pinned); results are in `docs/implementation/release-hardening-20260926/`; `r18-storage-apk-*` call `build-android-dev-apk`.
ru2-db-apply-proof.yml	F	ARCHIVE		-	2026-09-03 (27d) ok @proof/ru2-need-v2-r07-20..	31	push[frozen x1] D	RU-2 DB apply proof	RU-era / Sept 3-11 package or native proof; trigger names only a merged branch (DELETE list); last run 19-27 days ago.
ru2-edge-rn-source-proof.yml	F	ARCHIVE		-	2026-09-24 (6d) FAIL @canon	6	push[frozen x1] D	RU-2 Edge RN source proof	RU-2 (2026-09-03) proof for a branch on the DELETE list; last dispatch on canonical FAILED (2026-09-24) and nothing consumes it.
ru5-p0c01-public-profile-proof.yml	F	ARCHIVE		-	2026-09-05 (25d) ok @proof/ru5-p0c01-public-p..	40	push[frozen x1] D	RU-5 P0C-01 public profile proof	RU-era / Sept 3-11 package or native proof; trigger names only a merged branch (DELETE list); last run 19-27 days ago.
ru5-p0c02-atomic-application-proof.yml	F	ARCHIVE		-	2026-09-05 (25d) ok @proof/ru5-p0c02-atomic-a..	9	push[frozen x1] D	RU-5 P0C-02 atomic application proof	RU-era / Sept 3-11 package or native proof; trigger names only a merged branch (DELETE list); last run 19-27 days ago.
ru5-p0c03-my-applications-proof.yml	F	ARCHIVE		-	2026-09-05 (25d) ok @proof/ru5-p0c03-my-appli..	11	push[frozen x1] D	RU-5 P0C-03 My Applications proof	RU-era / Sept 3-11 package or native proof; trigger names only a merged branch (DELETE list); last run 19-27 days ago.
ru5-p0d01-candidate-projection-proof.yml	F	ARCHIVE		-	2026-09-05 (25d) ok @proof/ru5-p0d01-candidat..	7	push[frozen x1] D	RU-5 P0D-01 Candidate Projection proof	RU-era / Sept 3-11 package or native proof; trigger names only a merged branch (DELETE list); last run 19-27 days ago.
ru5-physical-android-device-ui-proof.yml	F	ARCHIVE		-	2026-09-10 (20d) FAIL @feat/v2-agreement-messag..	21	push[frozen x1] D	V2 core two-account native journey	RU-era / Sept 3-11 package or native proof; trigger names only a merged branch (DELETE list); last run 19-27 days ago; near-duplicate cluster K5.
ru5-selection-eligibility-revalidation-proof.yml	F	ARCHIVE		-	2026-09-06 (24d) ok @proof/ru5-selection-elig..	8	push[frozen x1] D	RU-5 Selection Eligibility Revalidation proof	RU-era / Sept 3-11 package or native proof; trigger names only a merged branch (DELETE list); last run 19-27 days ago.
ru5-two-account-auth-journey-proof.yml	F	ARCHIVE		-	2026-09-06 (24d) ok @proof/ru5-two-account-au..	3	push[frozen x1] D	RU-5 two-account authenticated journey proof	RU-era / Sept 3-11 package or native proof; trigger names only a merged branch (DELETE list); last run 19-27 days ago.
task-detail-mobile-proof.yml	F	ARCHIVE		-	2026-09-07 (23d) cancelled @fix/task-detail-recovery..	4	push[frozen x1] D	W04 W05 physical Android recovery proof	RU-era / Sept 3-11 package or native proof; trigger names only a merged branch (DELETE list); last run 19-27 days ago; near-duplicate cluster K5.
control-0-runner-probe.yml	H	DELETE		infra	2026-09-20 (10d) ok @default	276	push[default] D	CONTROL-0 runner probe	No-op `echo CONTROL_0_RUNNER_OK` on every default-branch push (276 runs); no consumer.
round40-control-refresh.yml	H	DELETE		-	2026-09-28 (2d) ok @canon	1	push[canon] self paths1	Round40 control refresh	One-shot duplicate of `control-tracker-refresh.yml` (cluster K9); fires only when its own file changes; ran once.
dev-alpha-ai-acceptance.yml	H	DEPRECATE		-	never	0	D	DEV AI acceptance (authenticated)	Never run (0 runs); spends provider budget; needs environment `dev-alpha-acceptance` + secret `DEV_ACCEPTANCE_PASSWORD`; superseded by the local DPAPI QA harness (no GitHub Secrets rule). Owner confirms the secret/environment do not exist, then remove.
ai-edge-context-proof.yml	D	KEEP		-	2026-09-10 (20d) ok @feat/w03-ai-owned-intake..	7	D C	W03 owned AI intake and privacy proof	Reused by `pre-p4-integrity.yml` (`uses: ./.github/workflows/ai-edge-context-proof.yml`): cannot be archived independently.
build-android-dev-apk.yml	A	KEEP		infra	2026-09-30 (0d) ok @tmp/cutover-apk2	181	push[default] self paths1 D	Build Android development APK	Only DEV APK build path (14-day artifacts, `dev-latest` release on default branch); dispatched and hash-pinned (`hash-object` assert) by 2 one-shot r18 workflows; needed for the x86_64 P6 proof APK.
build-android-push-proof.yml	A	KEEP		P4/push	2026-09-27 (3d) ok @canon	12	push[canon] self paths3 D	Build Android push-proof APK	Push-proof APK (Firebase) for the still-open P4 device proof; 12 runs, last 2026-09-27.
chat-b3-history-proof.yml	A	KEEP		chat/voice	2026-09-27 (3d) ok @canon	4	push[canon] self paths1 D	Chat B3 bounded history and exact read disposable proof	Chat B3 history proof; its file is part of the exact-source fingerprint (`git ls-files` set) and the copied stage template of 4 other chat/P5 workflows, so it cannot change or disappear independently.
chat-b3c-dev-application-proof.yml	A	KEEP		chat/voice	2026-09-27 (3d) ok @canon	1	push[canon] self paths3 D	Chat B3c exact application candidate and certified erasure proof	Chat B3c application proof - chat/realtime still open.
chat-b3c-invalidation-proof.yml	A	KEEP		chat/voice	2026-09-27 (3d) ok @canon	5	push[canon] self paths1 D	Chat B3c disposable SQL Realtime and certified erasure proof	Chat B3c invalidation proof; named in the source fingerprint of the B3c application proof.
chat-p4-exact-message-proof.yml	A	KEEP		P4/push	2026-09-27 (3d) ok @canon	3	push[canon] self paths1 D	Chat P4 exact message event disposable proof	P4 exact-message push event; named in the source fingerprint of the push transport proof; P4 open.
chat-p4-push-transport-proof.yml	A	KEEP		P4/push	2026-09-27 (3d) ok @canon	2	push[canon] self paths1 D	Chat P4 opaque push transport disposable proof	P4 push transport - open.
chat-voice-b0-proof.yml	A	KEEP		chat/voice	2026-09-27 (3d) ok @canon	3	push[canon] self paths4 D	Chat Voice B0 contract proof	Voice B0 contract - voice messages are mandatory V1 and still open.
control-tracker-refresh.yml	A	KEEP		infra	2026-09-28 (2d) ok @canon	2	push[canon] self paths3	Control tracker refresh	Regenerates `docs/control` views from `redovi.json`; the control tracker is the only status registry.
d0140a-bundle-registration-proof.yml	D	KEEP		-	2026-09-09 (21d) ok @feat/d0140a-policy-bundl..	5	D C	D-0140-A policy bundle registration proof	Reused by `pre-p4-integrity.yml` (`uses: ./.github/workflows/d0140a-bundle-registration-proof.yml`): cannot be archived independently.
discovery-p0-exact-public-proof.yml	A	KEEP		P6/P0	2026-09-27 (3d) ok @canon	2	push[canon] self paths1 D	Discovery P0 exact public landing disposable proof	P0 exact public landing proof - Discovery/FULL-return line.
notification-a1-runtime-proof.yml	A	KEEP		P4/push	2026-09-27 (3d) ok @canon	3	push[canon] self paths9 D	Notification A1 runtime binding proof	Notification A1 runtime binding (applied 2026-09-26; keep until C0 receipts are archived).
notifications-n06-push-registry-proof.yml	D	KEEP		P4/push	2026-09-10 (20d) ok @feat/expo-push-transport..	2	push[frozen x1] D C	N06 Push registry authenticated proof	Reused by `pre-p4-integrity.yml` (`uses: ./.github/workflows/notifications-n06-push-registry-proof.yml`): cannot be archived independently.
notifications-n10-push-copy.yml	A	KEEP		P4/push	2026-09-26 (4d) ok @canon	2	push[canon] self paths4 D	N10 notification push-copy proof	Push copy proof tied to `pushNotificationCopy.mjs` (P4 open).
p1-legal-consent-proof.yml	D	KEEP		-	2026-09-08 (22d) ok @feat/p1-legal-consent-20..	10	D C	P1 legal consent authenticated proof	Reused by `pre-p4-integrity.yml` (`uses: ./.github/workflows/p1-legal-consent-proof.yml`): cannot be archived independently.
p2-data-export-proof.yml	D	KEEP		-	2026-09-10 (20d) ok @feat/w02-shared-capabili..	35	D C	P2 data export authenticated proof	Reused by `pre-p4-integrity.yml` (`uses: ./.github/workflows/p2-data-export-proof.yml`): cannot be archived independently.
p3-retention-schedule-proof.yml	D	KEEP		-	2026-09-10 (20d) ok @feat/w02-shared-capabili..	39	D C	P3 retention schedule authenticated proof	Reused by `pre-p4-integrity.yml` (`uses: ./.github/workflows/p3-retention-schedule-proof.yml`): cannot be archived independently.
p4-processor-map-proof.yml	D	KEEP		-	2026-09-08 (22d) ok @feat/p4-processor-map-20..	7	D C	P4 processor map authenticated proof	Reused by `pre-p4-integrity.yml` (`uses: ./.github/workflows/p4-processor-map-proof.yml`): cannot be archived independently.
p5-client-package.yml	A	KEEP		P5	2026-09-28 (2d) ok @canon	3	push[canon] self paths6 D	P5 owned client package	P5 client package proof (AI/matching/work-area) - P5 acceptance OPEN.
p5-ready-matching-proof.yml	A	KEEP		P5	2026-09-28 (2d) ok @canon	2	push[canon] self paths7 D	P5 ready task and matching contract	P5 ready-task/matching contract - OPEN.
p6-client-contract-proof.yml	B	KEEP	ARCHIVE @C0	P6/P0	2026-09-28 (2d) ok @canon	4	push[canon] self paths3 D	P6 client contract quarantine	P6 is OPEN and the owner stop condition is binding. After P6 ZAVRSEN: ARCHIVE the round chain, keep receipts by run id outside CI retention.
p6-client-final-check.yml	B	KEEP		P6/P0	2026-09-30 (0d) ok @canon	2	push[canon] self paths2	P6 client final check	Current P6 proof named as such in the p6-round5x headers (native APK, native journey, client final check); P6 OPEN.
p6-client-owner-proof.yml	B	KEEP	ARCHIVE @C0	P6/P0	2026-09-28 (2d) FAIL @canon	5	D	P6 client paging owner and stale fencing	P6 is OPEN and the owner stop condition is binding. After P6 ZAVRSEN: ARCHIVE the round chain, keep receipts by run id outside CI retention.
p6-cost-latest-proof.yml	B	KEEP	ARCHIVE @C0	P6/P0	2026-09-28 (2d) ok @canon	2	push[canon] self paths8	P6 lazy locality paired proof	P6 is OPEN and the owner stop condition is binding. After P6 ZAVRSEN: ARCHIVE the round chain, keep receipts by run id outside CI retention.
p6-cost-optimization-proof.yml	B	KEEP	ARCHIVE @C0	P6/P0	2026-09-28 (2d) ok @canon	2	push[canon] self paths6	P6 paired cost optimization	P6 is OPEN and the owner stop condition is binding. After P6 ZAVRSEN: ARCHIVE the round chain, keep receipts by run id outside CI retention.
p6-current-cost-proof.yml	B	KEEP	ARCHIVE @C0	P6/P0	2026-09-28 (2d) ok @canon	2	push[canon] self paths8	P6 current dependency and measured SQL cost	P6 is OPEN and the owner stop condition is binding. After P6 ZAVRSEN: ARCHIVE the round chain, keep receipts by run id outside CI retention.
p6-discovery-page-proof.yml	B	KEEP	ARCHIVE @C0	P6/P0	2026-09-27 (3d) ok @canon	1	push[canon] self paths1 D	P6 bounded Discovery PAGE disposable proof	P6 is OPEN and the owner stop condition is binding. After P6 ZAVRSEN: ARCHIVE the round chain, keep receipts by run id outside CI retention.
p6-four-mode-proof.yml	B	KEEP	ARCHIVE @C0	P6/P0	2026-09-28 (2d) ok @canon	3	push[canon] self paths4	P6 four-mode disposable SQL package	P6 is OPEN and the owner stop condition is binding. After P6 ZAVRSEN: ARCHIVE the round chain, keep receipts by run id outside CI retention.
p6-http-boundary-proof.yml	B	KEEP	ARCHIVE @C0	P6/P0	2026-09-28 (2d) ok @canon	1	push[canon] self paths3	P6 real local Auth and PostgREST wire	P6 is OPEN and the owner stop condition is binding. After P6 ZAVRSEN: ARCHIVE the round chain, keep receipts by run id outside CI retention.
p6-native-apk.yml	B	KEEP		P6/P0	2026-09-30 (0d) ok @canon	14	push[canon] self paths3	P6 native proof APK (x86_64, disposable local endpoint)	Current P6 proof named as such in the p6-round5x headers (native APK, native journey, client final check); P6 OPEN.
p6-native-journey.yml	B	KEEP		P6/P0	2026-09-30 (0d) running @canon	20	push[canon] self paths7	P6 native journey (disposable restricted server + x86_64 emulator)	Current P6 proof named as such in the p6-round5x headers (native APK, native journey, client final check); P6 OPEN.
p6-pkg045b-revert-proof.yml	B	KEEP	ARCHIVE @C0	P6/P0	2026-09-30 (0d) ok @canon	4	push[canon] self paths3	PKG045b revert disposable proof	P6 is OPEN and the owner stop condition is binding. After P6 ZAVRSEN: ARCHIVE the round chain, keep receipts by run id outside CI retention.
p6-repeatability-proof.yml	B	KEEP	ARCHIVE @C0	P6/P0	2026-09-28 (2d) ok @canon	1	push[canon] self paths4	P6 repeatability and authorized scan controls	P6 is OPEN and the owner stop condition is binding. After P6 ZAVRSEN: ARCHIVE the round chain, keep receipts by run id outside CI retention.
p6-rollout-v2-proof.yml	B	KEEP	ARCHIVE @C0	P6/P0	2026-09-29 (1d) ok @canon	2	push[canon] self paths5	P6 rollout v2 candidate proof	P6 is OPEN and the owner stop condition is binding. After P6 ZAVRSEN: ARCHIVE the round chain, keep receipts by run id outside CI retention.
p6-rollout-v2-revert-proof.yml	B	KEEP	ARCHIVE @C0	P6/P0	2026-09-30 (0d) ok @canon	3	push[canon] self paths3	P6 rollout v2 revert disposable proof	P6 is OPEN and the owner stop condition is binding. After P6 ZAVRSEN: ARCHIVE the round chain, keep receipts by run id outside CI retention.
p6-round53-proof.yml	B	KEEP	ARCHIVE @C0	P6/P0	2026-09-30 (0d) FAIL @canon	5	D	P6 bounded overlays and server map seam	P6 is OPEN and the owner stop condition is binding; already self-declared HISTORICAL/dispatch-only by the P6 owner. After P6 ZAVRSEN: ARCHIVE the round chain, keep receipts by run id outside CI retention.
p6-round54-proof.yml	B	KEEP	ARCHIVE @C0	P6/P0	2026-09-29 (1d) FAIL @canon	6	D	P6 real presentation seam quarantine	P6 is OPEN and the owner stop condition is binding; already self-declared HISTORICAL/dispatch-only by the P6 owner. After P6 ZAVRSEN: ARCHIVE the round chain, keep receipts by run id outside CI retention.
p6-round55-proof.yml	B	KEEP	ARCHIVE @C0	P6/P0	2026-09-29 (1d) ok @canon	6	D	P6 server search and route coordinator	P6 is OPEN and the owner stop condition is binding; already self-declared HISTORICAL/dispatch-only by the P6 owner. After P6 ZAVRSEN: ARCHIVE the round chain, keep receipts by run id outside CI retention.
p6-round56-rollout-proof.yml	B	KEEP	ARCHIVE @C0	P6/P0	2026-09-29 (1d) ok @canon	5	push[canon] self paths5	P6 deployable server candidate proof	P6 is OPEN and the owner stop condition is binding. After P6 ZAVRSEN: ARCHIVE the round chain, keep receipts by run id outside CI retention.
p6-round57-load-proof.yml	B	KEEP	ARCHIVE @C0	P6/P0	2026-09-29 (1d) FAIL @canon	11	push[canon] self paths4	P6 30000 mixed load proof	P6 is OPEN and the owner stop condition is binding. After P6 ZAVRSEN: ARCHIVE the round chain, keep receipts by run id outside CI retention.
p6-round58-native-proof-build.yml	B	KEEP	ARCHIVE @C0	P6/P0	2026-09-29 (1d) ok @canon	6	D	P6 guarded native proof build	P6 is OPEN and the owner stop condition is binding; already self-declared HISTORICAL/dispatch-only by the P6 owner. After P6 ZAVRSEN: ARCHIVE the round chain, keep receipts by run id outside CI retention.
p6-round59-diagnostic.yml	B	KEEP	ARCHIVE @C0	P6/P0	2026-09-29 (1d) ok @canon	4	push[canon] self paths2	P6 30000 short diagnostic	P6 is OPEN and the owner stop condition is binding. After P6 ZAVRSEN: ARCHIVE the round chain, keep receipts by run id outside CI retention.
p6-round60-rls-probe.yml	B	KEEP	ARCHIVE @C0	P6/P0	2026-09-29 (1d) ok @canon	1	push[canon] self paths2	P6 30000 RLS visibility probe	P6 is OPEN and the owner stop condition is binding. After P6 ZAVRSEN: ARCHIVE the round chain, keep receipts by run id outside CI retention.
p6-round61-rls-components.yml	B	KEEP	ARCHIVE @C0	P6/P0	2026-09-29 (1d) FAIL @canon	1	push[canon] self paths2	P6 30000 RLS component probe	P6 is OPEN and the owner stop condition is binding. After P6 ZAVRSEN: ARCHIVE the round chain, keep receipts by run id outside CI retention.
p6-round62-world-guard-probe.yml	B	KEEP	ARCHIVE @C0	P6/P0	2026-09-29 (1d) FAIL @canon	1	push[canon] self paths2	P6 30000 world guard probe	P6 is OPEN and the owner stop condition is binding. After P6 ZAVRSEN: ARCHIVE the round chain, keep receipts by run id outside CI retention.
p6-round63-world-set-probe.yml	B	KEEP	ARCHIVE @C0	P6/P0	2026-09-29 (1d) ok @canon	7	push[canon] self paths2	P6 30000 world set probe	P6 is OPEN and the owner stop condition is binding. After P6 ZAVRSEN: ARCHIVE the round chain, keep receipts by run id outside CI retention.
p6-round64-visibility-candidate.yml	B	KEEP	ARCHIVE @C0	P6/P0	2026-09-29 (1d) ok @canon	6	push[canon] self paths3	P6 visibility cost candidate proof	P6 is OPEN and the owner stop condition is binding. After P6 ZAVRSEN: ARCHIVE the round chain, keep receipts by run id outside CI retention.
p6-round65-load-visibility.yml	B	KEEP	ARCHIVE @C0	P6/P0	2026-09-29 (1d) ok @canon	1	push[canon] self paths2	P6 30000 load with visibility cost	P6 is OPEN and the owner stop condition is binding. After P6 ZAVRSEN: ARCHIVE the round chain, keep receipts by run id outside CI retention.
p6-round66-places-cost.yml	B	KEEP	ARCHIVE @C0	P6/P0	2026-09-29 (1d) ok @canon	3	push[canon] self paths3	P6 PLACES cost candidate	P6 is OPEN and the owner stop condition is binding. After P6 ZAVRSEN: ARCHIVE the round chain, keep receipts by run id outside CI retention.
p6-round67-load-finalcost.yml	B	KEEP	ARCHIVE @C0	P6/P0	2026-09-29 (1d) ok @canon	1	push[canon] self paths3	P6 30000 load final cost	P6 is OPEN and the owner stop condition is binding. After P6 ZAVRSEN: ARCHIVE the round chain, keep receipts by run id outside CI retention.
p6-screen-session-proof.yml	B	KEEP	ARCHIVE @C0	P6/P0	2026-09-28 (2d) FAIL @canon	7	D	P6 quarantined screen session	P6 is OPEN and the owner stop condition is binding; already self-declared HISTORICAL/dispatch-only by the P6 owner. After P6 ZAVRSEN: ARCHIVE the round chain, keep receipts by run id outside CI retention.
p6-spatial-contract-proof.yml	B	KEEP	ARCHIVE @C0	P6/P0	2026-09-28 (2d) ok @canon	5	push[canon] self paths4 D	P6 spatial wire quarantine	P6 is OPEN and the owner stop condition is binding. After P6 ZAVRSEN: ARCHIVE the round chain, keep receipts by run id outside CI retention.
p6-spatial-hardening.yml	B	KEEP	ARCHIVE @C0	P6/P0	2026-09-28 (2d) ok @canon	1	push[canon] self paths2	P6 spatial guard regression package	P6 is OPEN and the owner stop condition is binding. After P6 ZAVRSEN: ARCHIVE the round chain, keep receipts by run id outside CI retention.
p6-view-adapter-proof.yml	B	KEEP	ARCHIVE @C0	P6/P0	2026-09-28 (2d) ok @canon	3	D	P6 view adapter and point members	P6 is OPEN and the owner stop condition is binding. After P6 ZAVRSEN: ARCHIVE the round chain, keep receipts by run id outside CI retention.
p7-signup-confirmation-proof.yml	A	KEEP		P7	2026-09-28 (2d) ok @canon	3	push[canon] self paths8 D	P7 signup confirmation recovery	P7 account/signup confirmation - OPEN.
pkg006-application-selection-proof.yml	A	KEEP		-	2026-09-26 (4d) ok @canon	49	push[canon+old-pre-v3] self paths18 D	PKG-006 application identity and selection proof	Path-filtered regression (18 paths) that still fires on canonical pushes; 49 runs, last push 2026-09-26.
pkg010-system-contracts-proof.yml	A	KEEP		-	2026-09-25 (5d) ok @canon	59	push[old-pre-v3] self paths33 D	PKG-010 system contracts proof	Umbrella regression: `supabase/proofs/pkg010/chain.py` replays the ordered 147+ migrations and every pre_v3 proof on an exact head.
pkg045-task-privacy-proof.yml	A	KEEP		PKG045b	2026-09-23 (7d) ok @old-pre-v3	12	push[old-pre-v3] self paths5 D	PKG-045 public task column privacy proof	PKG045b (public task column privacy) is conditional / ON HOLD (AGENTS.md): its proof stays with it.
pkg051-platform-price-list-proof.yml	A	KEEP		PKG051	2026-09-26 (4d) ok @canon	4	push[canon+old-pre-v3+frozen x1] self paths27 D	PKG-051 platform price list proof	PKG-051 price list: P1-P12 still open; canonical push trigger.
pre-p4-integrity.yml	A	KEEP		infra	2026-09-27 (3d) ok @work/legal-privacy-proce..	977	push[default] PR D	PRE-P4 integrity	Integrity gate for pushes/PRs on the default branch; reuses 9 proof workflows (`uses: ./.github/workflows/...`); 977 runs.
r20-discovery-retained-mount-proof.yml	A	KEEP		P6/P0	2026-09-30 (0d) ok @canon	23	push[canon] self paths4 D	R20 Discovery retained-mount proof	Discovery retained-mount regression (23 runs, 8 today) - part of the P6/FULL-return proof line.
w01-auth-recovery-proof.yml	D	KEEP		-	2026-09-17 (13d) ok @old-pre-v3	32	D C	W01 auth recovery proof	Reused by `pre-p4-integrity.yml` (`uses: ./.github/workflows/w01-auth-recovery-proof.yml`): cannot be archived independently.
w02-calendar-authority-proof.yml	D	KEEP		-	2026-09-16 (14d) ok @old-pre-v3	29	D C	W02 calendar authority proof	Reused by `pre-p4-integrity.yml` (`uses: ./.github/workflows/w02-calendar-authority-proof.yml`): cannot be archived independently.
worker-profile-licenses-owned-projection-proof.yml	A	KEEP		P5	2026-09-27 (3d) ok @canon	2	push[canon] self paths5 D	P5 owned worker licenses disposable proof	P5 owned worker-licenses candidate proof (LOCAL_ONLY_ROLLBACK candidate).
pkg014b-ai-provider-usage-proof.yml	E	REVIEW		-	2026-09-22 (8d) FAIL @old-pre-v3	14	push[old-pre-v3] self paths6 D	PKG-014B AI provider usage proof	Last 3 runs FAILED (2026-09-22, the PKG-044 tone pushes); package closed at run 35677260602 per AGENTS.md. Fix the drift or archive; do not leave a red proof unexplained.
